id,Date,Description,Original Description,Amount,Transaction Type,Category,Account Name,Labels,Notes
1,7/16/2023,ACH CREDIT C WEST BROA DIR DEP ON 07/15,ACH CREDIT C WEST BROA DIR DEP ON 07/15,87.94,credit,Paycheck,Adv Plus Banking - 6710,,
2,7/15/2023,WHOLE FOODS,WHOLE FOODS,48.87,debit,Groceries,American Express Gold Card,,
3,7/15/2023,ACE HARDWARE - OLD TOWN ACE HA,ACE HARDWARE - OLD TOWN ACE HA,8.47,debit,Home Improvement,American Express Gold Card,,
4,7/15/2023,ITUNES APPLE STORE,ITUNES APPLE STORE,12.99,debit,Electronics & Software,American Express Gold Card,,
5,7/14/2023,ONLINE PAYMENT - THANK YOU,ONLINE PAYMENT - THANK YOU,428.6,credit,Income,American Express Gold Card,,
6,7/14/2023,MICROSOFT EDIPAYMENT PPD ID: XXXXXX4442,MICROSOFT EDIPAYMENT PPD ID: XXXXXX4442,1652.24,credit,Paycheck,PREMIER PLUS CKG,,
7,7/14/2023,AMERICAN EXPRESS ACH PMT WXXXX WEB ID: XXXXXX2111,AMERICAN EXPRESS ACH PMT WXXXX WEB ID: XXXXXX2111,428.6,debit,Credit Card Payment,PREMIER PLUS CKG,,
8,7/14/2023,INTEREST PAYMENT,INTEREST PAYMENT,0.01,credit,Interest Income,PREMIER PLUS CKG,,
9,7/14/2023,VHC ARLINGTON HEALTH SYST,VHC ARLINGTON HEALTH SYST,7,debit,Parking,CREDIT CARD,,
10,7/14/2023,ARAMARK VA HOSP CENTER,ARAMARK VA HOSP CENTER,21.49,debit,Food & Dining,CREDIT CARD,,
11,7/14/2023,PAYPAL *GITHUB INC,PAYPAL *GITHUB INC,10,debit,Electronics & Software,CREDIT CARD,,
12,7/14/2023,PARTIC CONTR CURRENT PARTICIPANT CUR YR (Cash),PARTIC CONTR CURRENT PARTICIPANT CUR YR (Cash),180.3,credit,Investments,Health Savings Account,,
13,7/14/2023,CO CONTR CURRENT YR EMPLOYER CUR YR (Cash),CO CONTR CURRENT YR EMPLOYER CUR YR (Cash),1000,credit,Investments,Health Savings Account,,
14,7/14/2023,VANG RUS 1000 VAL TR,VANG RUS 1000 VAL TR,920.83,credit,Investments,MICROSOFT 401K PLAN,,
15,7/14/2023,VANG RUS 1000 VAL TR,VANG RUS 1000 VAL TR,0,credit,Investments,MICROSOFT 401K PLAN,,
16,7/14/2023,VANG RUS 1000 GR TR,VANG RUS 1000 GR TR,3683.33,credit,Investments,MICROSOFT 401K PLAN,,
17,7/14/2023,VANG RUS 1000 GR TR,VANG RUS 1000 GR TR,0,credit,Investments,MICROSOFT 401K PLAN,,
18,7/13/2023,APPLE.COM/BILL,APPLE.COM/BILL,1.05,debit,Electronics & Software,CREDIT CARD,,
19,7/13/2023,UNITED      XXXXXXXXX0746,UNITED      XXXXXXXXX0746,45,debit,Air Travel,CREDIT CARD,,
20,7/12/2023,AMERICAN WATER E DES:BILLPAY    ID:AMERICAN WATER            INDN:SARAH REMMEY            CO ID:XXXXX00160 WEB,AMERICAN WATER E DES:BILLPAY    ID:AMERICAN WATER            INDN:SARAH REMMEY            CO ID:XXXXX00160 WEB,58.56,debit,Utilities,Adv Plus Banking - 6710,,
21,7/12/2023,VENMO            DES:PAYMENT    ID:XXXXX29682822             INDN:SARAH SOSCIA            CO ID:XXXXX81992 WEB,VENMO            DES:PAYMENT    ID:XXXXX29682822             INDN:SARAH SOSCIA            CO ID:XXXXX81992 WEB,90,debit,Transfer,Adv Plus Banking - 6710,,
22,7/12/2023,OLD TOWN ACE HARDWARALEXANDRIA VA,OLD TOWN ACE HARDWARALEXANDRIA VA,68.82,debit,Home Improvement,American Express Gold Card,,
23,7/12/2023,OLD TOWN ACE HARDWARALEXANDRIA VA,OLD TOWN ACE HARDWARALEXANDRIA VA,74.19,debit,Home Improvement,American Express Gold Card,,
24,7/12/2023,UBER EATS help.uber.com CA,UBER EATS help.uber.com CA,41.27,debit,Food Delivery,American Express Gold Card,,
25,7/12/2023,STARBUCKS STORE X7904,STARBUCKS STORE X7904,4.16,debit,Coffee Shops,CREDIT CARD,,
26,7/12/2023,"DepositBANK OF AMERICA, NA RASP FRAC BUY ....","DepositBANK OF AMERICA, NA RASP FRAC BUY ....",3.95,debit,Transfer,SARAH IRA,,
27,7/11/2023,VENMO            DES:CASHOUT    ID:XXXXX11508526             INDN:SARAH SOSCIA            CO ID:XXXXX81992 PPD,VENMO            DES:CASHOUT    ID:XXXXX11508526             INDN:SARAH SOSCIA            CO ID:XXXXX81992 PPD,20,credit,Transfer,Adv Plus Banking - 6710,,
28,7/11/2023,VENMO            DES:PAYMENT    ID:XXXXX11499066             INDN:SARAH SOSCIA            CO ID:XXXXX81992 WEB,VENMO            DES:PAYMENT    ID:XXXXX11499066             INDN:SARAH SOSCIA            CO ID:XXXXX81992 WEB,65,debit,Transfer,Adv Plus Banking - 6710,,
29,7/11/2023,PAYPAL *APPLE.COM/BIXXXXXX2273 CA,PAYPAL *APPLE.COM/BIXXXXXX2273 CA,0.99,debit,Electronics & Software,American Express Gold Card,,
30,7/11/2023,US FITNESSCRXXXX EFT PPD ID: XXXXXX4319,US FITNESSCRXXXX EFT PPD ID: XXXXXX4319,6,debit,Gym,PREMIER PLUS CKG,,
31,7/11/2023,VENMO PAYMENT XXXXXXXXXXXXX WEB ID: XXXXXX1992,VENMO PAYMENT XXXXXXXXXXXXX WEB ID: XXXXXX1992,225,debit,Transfer,PREMIER PLUS CKG,,
32,7/11/2023,PARKMOBILE,PARKMOBILE,0.89,debit,Parking,CREDIT CARD,,
33,7/11/2023,PARKMOBILE,PARKMOBILE,3.95,debit,Parking,CREDIT CARD,,
34,7/11/2023,CHIPOTLE 0245,CHIPOTLE 0245,10.21,debit,Fast Food,CREDIT CARD,,
35,7/11/2023,VHC ARLINGTON HEALTH SYST,VHC ARLINGTON HEALTH SYST,7,debit,Parking,CREDIT CARD,,
36,7/11/2023,"DepositBANK OF AMERICA, NA RASP FRAC BUY ....","DepositBANK OF AMERICA, NA RASP FRAC BUY ....",3.34,debit,Transfer,SARAH IRA,,
37,7/11/2023,Rollover DepositROLLOVER DEPOSIT,Rollover DepositROLLOVER DEPOSIT,3.95,credit,Transfer,SARAH IRA,,
38,7/11/2023,"DepositBANK OF AMERICA, NA RASP FRAC BUY ....","DepositBANK OF AMERICA, NA RASP FRAC BUY ....",3.37,debit,Transfer,SARAH ROTH,,
39,7/10/2023,CHASE CREDIT CRD DES:EPAY       ID:XXXXX78661                INDN:SARAH REMMEY            CO ID:XXXXX39224 WEB,CHASE CREDIT CRD DES:EPAY       ID:XXXXX78661                INDN:SARAH REMMEY            CO ID:XXXXX39224 WEB,1200,debit,Credit Card Payment,Adv Plus Banking - 6710,,
40,7/10/2023,VENMO            DES:CASHOUT    ID:XXXXX72115793             INDN:SARAH SOSCIA            CO ID:XXXXX81992 PPD,VENMO            DES:CASHOUT    ID:XXXXX72115793             INDN:SARAH SOSCIA            CO ID:XXXXX81992 PPD,200,credit,Transfer,Adv Plus Banking - 6710,,
41,7/10/2023,Payment to Chase card ending in XXXX 07/10,Payment to Chase card ending in XXXX 07/10,900,debit,Credit Card Payment,PREMIER PLUS CKG,,
42,7/10/2023,PARKMOBILE,PARKMOBILE,1.91,debit,Parking,CREDIT CARD,,
43,7/10/2023,Advisory Program FeeMUTUAL FUND REBATE,Advisory Program FeeMUTUAL FUND REBATE,3.34,credit,Investments,SARAH IRA,,
44,7/10/2023,Advisory Program FeeMUTUAL FUND REBATE,Advisory Program FeeMUTUAL FUND REBATE,3.37,credit,Investments,SARAH ROTH,,
45,7/9/2023,MISHA'S COFFEE 0000 ALEXANDRIA VA,MISHA'S COFFEE 0000 ALEXANDRIA VA,4.83,debit,Coffee Shops,American Express Gold Card,,
46,7/9/2023,THE LUCKY KNOT MENS ALEXANDRIA VA,THE LUCKY KNOT MENS ALEXANDRIA VA,238.5,debit,Groceries,American Express Gold Card,,
47,7/9/2023,TST* Sonoma Cellar,TST* Sonoma Cellar,264.24,debit,Restaurants,CREDIT CARD,,
48,7/9/2023,PARKMOBILE,PARKMOBILE,3.87,debit,Parking,CREDIT CARD,,
49,7/7/2023,C43710 WEST BROA DES:DIR DEP    ID:56522C186359A6            INDN:REMMEY SARAH            CO ID:XXXXX83648 PPD,C43710 WEST BROA DES:DIR DEP    ID:56522C186359A6            INDN:REMMEY SARAH            CO ID:XXXXX83648 PPD,2468.68,credit,Paycheck,Adv Plus Banking - 6710,,
50,7/7/2023,ONLINE PAYMENT - THANK YOU,ONLINE PAYMENT - THANK YOU,256.96,credit,Income,American Express Gold Card,,
51,7/7/2023,AMERICAN EXPRESS ACH PMT WXXXX WEB ID: XXXXXX2111,AMERICAN EXPRESS ACH PMT WXXXX WEB ID: XXXXXX2111,256.96,debit,Credit Card Payment,PREMIER PLUS CKG,,
52,7/7/2023,Payment to Chase card ending in XXXX 07/07,Payment to Chase card ending in XXXX 07/07,585.69,debit,Credit Card Payment,PREMIER PLUS CKG,,
53,7/7/2023,Payment Thank You - Web,Payment Thank You - Web,585.69,credit,Credit Card Payment,CREDIT CARD,,
54,7/6/2023,Yarmouth Managem SIGONFILE PPD ID: XXXXXX5066,Yarmouth Managem SIGONFILE PPD ID: XXXXXX5066,2712.52,credit,Income,PREMIER PLUS CKG,,
55,7/6/2023,"WithdrawalBANK OF AMERICA, NA RASP FRAC SELL ...","WithdrawalBANK OF AMERICA, NA RASP FRAC SELL ...",16.14,credit,Investments,SARAH IRA,,
56,7/6/2023,"WithdrawalBANK OF AMERICA, NA RASP FRAC SELL ...","WithdrawalBANK OF AMERICA, NA RASP FRAC SELL ...",16.85,credit,Investments,SARAH ROTH,,
57,7/6/2023,DepositML DIRECT DEPOSIT PROGRM,DepositML DIRECT DEPOSIT PROGRM,30,debit,Transfer,CMA-Edge XXZ-X7892,,
58,7/5/2023,COMCAST 8299610  DES:XXXXX6560  ID:3650180                   INDN:SARAH *REMMEY           CO ID:XXXXX13249 PPD,COMCAST 8299610  DES:XXXXX6560  ID:3650180                   INDN:SARAH *REMMEY           CO ID:XXXXX13249 PPD,25,debit,Television,Adv Plus Banking - 6710,,
59,7/5/2023,VENMO            DES:CASHOUT    ID:XXXXX80109580             INDN:SARAH SOSCIA            CO ID:XXXXX81992 PPD,VENMO            DES:CASHOUT    ID:XXXXX80109580             INDN:SARAH SOSCIA            CO ID:XXXXX81992 PPD,36,credit,Transfer,Adv Plus Banking - 6710,,
60,7/5/2023,HARRIS TEETER ALEXANDRIA VA,HARRIS TEETER ALEXANDRIA VA,40.81,debit,Groceries,American Express Gold Card,,
61,7/5/2023,US FITNESSCRXXXX EFT PPD ID: XXXXXX4319,US FITNESSCRXXXX EFT PPD ID: XXXXXX4319,79.99,debit,Gym,PREMIER PLUS CKG,,
62,7/5/2023,Payment to Chase card ending in XXXX 07/05,Payment to Chase card ending in XXXX 07/05,35,debit,Credit Card Payment,PREMIER PLUS CKG,,
63,7/5/2023,US FITNESSCRXXXX EFT PPD ID: XXXXXX4319,US FITNESSCRXXXX EFT PPD ID: XXXXXX4319,6,debit,Gym,PREMIER PLUS CKG,,
64,7/5/2023,SQ *THE ITALIAN PLACE,SQ *THE ITALIAN PLACE,29.16,debit,Restaurants,CREDIT CARD,,
65,7/5/2023,SPOTHERO XXX-XXX-8054,SPOTHERO XXX-XXX-8054,13.72,debit,Parking,CREDIT CARD,,
66,7/5/2023,Advisory Program FeeINV. ADVISORY FEE JUL,Advisory Program FeeINV. ADVISORY FEE JUL,16.14,debit,Investments,SARAH IRA,,
67,7/5/2023,Advisory Program FeeINV. ADVISORY FEE JUL,Advisory Program FeeINV. ADVISORY FEE JUL,16.85,debit,Investments,SARAH ROTH,,
68,7/5/2023,DividendVANGUARD 500 INDEX FUND SHS ETF HOL...,DividendVANGUARD 500 INDEX FUND SHS ETF HOL...,29.95,credit,Investments,CMA-Edge XXZ-X7892,,
69,7/5/2023,JOURNALED SPP PURCHASE CREDIT (Cash),JOURNALED SPP PURCHASE CREDIT (Cash),7255.26,credit,Buy,Individual,,
70,7/5/2023,VANGUARD FEDERAL MONEY MARKET FUND (Settlement Fund) - Sweep in,VANGUARD FEDERAL MONEY MARKET FUND (Settlement Fund) - Sweep in,183.73,debit,Investments,Mark H. Remmey Jr. Brokerage Account,,
71,7/5/2023,VANGUARD S&P 500 INDEX ETF - Dividend,VANGUARD S&P 500 INDEX ETF - Dividend,183.73,credit,Investments,Mark H. Remmey Jr. Brokerage Account,,
72,7/4/2023,THE ITALIAN PLACE Alexandria VA,THE ITALIAN PLACE Alexandria VA,4.32,debit,Restaurants,American Express Gold Card,,
73,7/4/2023,YATES CAR WASH & DETAIL C,YATES CAR WASH & DETAIL C,30,debit,Auto & Transport,CREDIT CARD,,
74,7/4/2023,Payment Thank You - Web,Payment Thank You - Web,35,credit,Credit Card Payment,CREDIT CARD,,
75,7/3/2023,PL*PromaxManagem DES:WEB PMTS   ID:HJBK65                    INDN:Sarah                   CO ID:XXXXX88010 WEB,PL*PromaxManagem DES:WEB PMTS   ID:HJBK65                    INDN:Sarah                   CO ID:XXXXX88010 WEB,1300,debit,Mortgage & Rent,Adv Plus Banking - 6710,,
76,7/3/2023,PL*PAYLEASE      DES:WEB PMTS   ID:0S8K65                    INDN:Sarah                   CO ID:XXXXX87225 WEB,PL*PAYLEASE      DES:WEB PMTS   ID:0S8K65                    INDN:Sarah                   CO ID:XXXXX87225 WEB,2.95,debit,Utilities,Adv Plus Banking - 6710,,
77,7/3/2023,PL*PromaxManagem WEB PMTS FJBKXX WEB ID: XXXXXX8010,PL*PromaxManagem WEB PMTS FJBKXX WEB ID: XXXXXX8010,1950,debit,Mortgage & Rent,PREMIER PLUS CKG,,
78,7/3/2023,USAA FSB ICPAYMENT PPD ID: XXXXXX9165,USAA FSB ICPAYMENT PPD ID: XXXXXX9165,336.42,debit,Auto Payment,PREMIER PLUS CKG,,
79,7/3/2023,PL*PAYLEASE WEB PMTS YRXKXX WEB ID: XXXXXX7225,PL*PAYLEASE WEB PMTS YRXKXX WEB ID: XXXXXX7225,2.95,debit,Mortgage & Rent,PREMIER PLUS CKG,,
80,7/3/2023,Amazon web services,Amazon web services,0.24,debit,Electronics & Software,CREDIT CARD,,
81,7/3/2023,PAYPAL *SPOTIFYUSAI,PAYPAL *SPOTIFYUSAI,9.99,debit,Music,CREDIT CARD,,
82,7/3/2023,BLACKWALL HITCH ALEXAN,BLACKWALL HITCH ALEXAN,150.89,debit,Restaurants,CREDIT CARD,,
83,7/3/2023,YOU BOUGHT ESPP### AS OF 06-30-23 MICROSOFT CORP (MSFT) (Cash),YOU BOUGHT ESPP### AS OF 06-30-23 MICROSOFT CORP (MSFT) (Cash),7255.26,debit,Investments,Individual,,
84,7/2/2023,GOOGLE *YouTubePremium,GOOGLE *YouTubePremium,12.71,debit,Television,CREDIT CARD,,
85,7/2/2023,TST* WEST WING CAFE,TST* WEST WING CAFE,16.04,debit,Restaurants,CREDIT CARD,,
86,7/2/2023,Audible*EQ7LV1V63,Audible*EQ7LV1V63,15.85,debit,Books,CREDIT CARD,,
87,7/2/2023,TST* JOSEPHINE,TST* JOSEPHINE,92.14,debit,Restaurants,CREDIT CARD,,
88,7/1/2023,UBER EATS SAN FRANSISCO CA,UBER EATS SAN FRANSISCO CA,29.59,debit,Food Delivery,American Express Gold Card,,
89,7/1/2023,INTEREST,INTEREST,32.85,credit,Loan Interest,My Auto Loan,,
90,7/1/2023,PRINCIPAL,PRINCIPAL,303.57,credit,Loan Principal,My Auto Loan,,
91,6/30/2023,Online Banking transfer from BRK 7892                       Confirmation# XXXXX69222,Online Banking transfer from BRK 7892                       Confirmation# XXXXX69222,100,credit,Transfer,Adv Plus Banking - 6710,,
92,6/30/2023,WHOLEFDS OTN XX185 0ALEXANDRIA VA,WHOLEFDS OTN XX185 0ALEXANDRIA VA,30.85,debit,Groceries,American Express Gold Card,,
93,6/30/2023,VENMO PAYMENT XXXXXXXXXXXXX WEB ID: XXXXXX1992,VENMO PAYMENT XXXXXXXXXXXXX WEB ID: XXXXXX1992,70,debit,Transfer,PREMIER PLUS CKG,,
94,6/30/2023,MICROSOFT EDIPAYMENT PPD ID: XXXXXX4442,MICROSOFT EDIPAYMENT PPD ID: XXXXXX4442,1652.25,credit,Paycheck,PREMIER PLUS CKG,,
95,6/30/2023,"InterestBANK OF AMERICA, NA RASP 0.41000 DI...","InterestBANK OF AMERICA, NA RASP 0.41000 DI...",0,credit,Investments,SARAH IRA,,
96,6/30/2023,"InterestBANK OF AMERICA, NA RASP 0.29000 DI...","InterestBANK OF AMERICA, NA RASP 0.29000 DI...",0,credit,Investments,SARAH ROTH,,
97,6/30/2023,WithdrawalML DIRECT DEPOSIT PROGRM,WithdrawalML DIRECT DEPOSIT PROGRM,100,credit,Transfer,CMA-Edge XXZ-X7892,,
98,6/30/2023,WithdrawalTO BAC#229042906710 SARAH C SOSCIA,WithdrawalTO BAC#229042906710 SARAH C SOSCIA,100,debit,Investments,CMA-Edge XXZ-X7892,,
99,6/30/2023,REINVESTMENT CASH (315994103) (Cash),REINVESTMENT CASH (315994103) (Cash),5.77,debit,Investments,Individual,,
100,6/30/2023,INTEREST EARNED CASH (315994103) (Cash),INTEREST EARNED CASH (315994103) (Cash),5.77,credit,Investments,Individual,,
101,6/30/2023,DIVIDEND RECEIVED FIDELITY GOVERNMENT CASH RESERVES (FDRXX) (Cash),DIVIDEND RECEIVED FIDELITY GOVERNMENT CASH RESERVES (FDRXX) (Cash),11.17,credit,Dividend & Cap Gains,Health Savings Account,,
102,6/30/2023,PARTIC CONTR CURRENT PARTICIPANT CUR YR (Cash),PARTIC CONTR CURRENT PARTICIPANT CUR YR (Cash),180.3,credit,Investments,Health Savings Account,,
103,6/30/2023,REINVESTMENT FIDELITY GOVERNMENT CASH RESERVES (FDRXX) (Cash),REINVESTMENT FIDELITY GOVERNMENT CASH RESERVES (FDRXX) (Cash),11.17,debit,Investments,Health Savings Account,,
104,6/30/2023,VANG RUS 1000 GR TR,VANG RUS 1000 GR TR,0,credit,Investments,MICROSOFT 401K PLAN,,
105,6/30/2023,VANG RUS 1000 GR TR,VANG RUS 1000 GR TR,3683.34,credit,Investments,MICROSOFT 401K PLAN,,
106,6/30/2023,VANG RUS 1000 VAL TR,VANG RUS 1000 VAL TR,0,credit,Investments,MICROSOFT 401K PLAN,,
107,6/30/2023,VANG RUS 1000 VAL TR,VANG RUS 1000 VAL TR,920.83,credit,Investments,MICROSOFT 401K PLAN,,
108,6/30/2023,VANGUARD FEDERAL MONEY MARKET FUND (Settlement Fund) - Reinvestment,VANGUARD FEDERAL MONEY MARKET FUND (Settlement Fund) - Reinvestment,24.89,debit,Investments,Mark H. Remmey Jr. Brokerage Account,,
109,6/30/2023,VANGUARD FEDERAL MONEY MARKET FUND (Settlement Fund) - Dividend,VANGUARD FEDERAL MONEY MARKET FUND (Settlement Fund) - Dividend,24.89,credit,Dividend & Cap Gains,Mark H. Remmey Jr. Brokerage Account,,
110,6/30/2023,VANGUARD FEDERAL MONEY MARKET FUND (Settlement Fund) - Reinvestment,VANGUARD FEDERAL MONEY MARKET FUND (Settlement Fund) - Reinvestment,17.81,debit,Investments,Mark H. Remmey Jr. Roth IRA Brokerage Account,,
111,6/30/2023,VANGUARD FEDERAL MONEY MARKET FUND (Settlement Fund) - Dividend,VANGUARD FEDERAL MONEY MARKET FUND (Settlement Fund) - Dividend,17.81,credit,Dividend & Cap Gains,Mark H. Remmey Jr. Roth IRA Brokerage Account,,
112,6/29/2023,VENMO            DES:PAYMENT    ID:XXXXX78486028             INDN:SARAH SOSCIA            CO ID:XXXXX81992 WEB,VENMO            DES:PAYMENT    ID:XXXXX78486028             INDN:SARAH SOSCIA            CO ID:XXXXX81992 WEB,119.92,debit,Transfer,Adv Plus Banking - 6710,,
113,6/29/2023,WASHINGTON GAS   DES:PAYMENT    ID:XXXXX2788814              INDN:SARAH SOSCIA            CO ID:XXXXX62882 CCD,WASHINGTON GAS   DES:PAYMENT    ID:XXXXX2788814              INDN:SARAH SOSCIA            CO ID:XXXXX62882 CCD,36.7,debit,Utilities,Adv Plus Banking - 6710,,
114,6/29/2023,MICROSOFT XXXXXXXXXX XXXXXXXXXXXXXX CTX ID: XXXXXX3246,MICROSOFT XXXXXXXXXX XXXXXXXXXXXXXX CTX ID: XXXXXX3246,150,credit,Income,PREMIER PLUS CKG,,
115,6/29/2023,"DepositBANK OF AMERICA, NA RASP FRAC BUY ....","DepositBANK OF AMERICA, NA RASP FRAC BUY ....",4.41,debit,Transfer,SARAH IRA,,
116,6/29/2023,"DepositBANK OF AMERICA, NA RASP FRAC BUY ....","DepositBANK OF AMERICA, NA RASP FRAC BUY ....",4.67,debit,Transfer,SARAH ROTH,,
117,6/29/2023,VANGUARD FEDERAL MONEY MARKET FUND (Settlement Fund) - Sweep out,VANGUARD FEDERAL MONEY MARKET FUND (Settlement Fund) - Sweep out,4012.65,credit,Investments,Mark H. Remmey Jr. Brokerage Account,,
118,6/28/2023,TST* WEST WING CAFE,TST* WEST WING CAFE,14.94,debit,Restaurants,CREDIT CARD,,
119,6/28/2023,X0006 CAVA CHINATOWN,X0006 CAVA CHINATOWN,12.27,debit,Restaurants,CREDIT CARD,,
120,6/28/2023,TST* WEST WING CAFE,TST* WEST WING CAFE,9.24,debit,Restaurants,CREDIT CARD,,
121,6/28/2023,TST* WEST WING CAFE,TST* WEST WING CAFE,9.79,debit,Restaurants,CREDIT CARD,,
122,6/28/2023,DividendVANGUARD RUSSELL 1000 ET GROWTH HOL...,DividendVANGUARD RUSSELL 1000 ET GROWTH HOL...,4.41,credit,Investments,SARAH IRA,,
123,6/28/2023,DividendVANGUARD RUSSELL 1000 ET GROWTH HOL...,DividendVANGUARD RUSSELL 1000 ET GROWTH HOL...,4.67,credit,Investments,SARAH ROTH,,
124,6/27/2023,VENMO            DES:PAYMENT    ID:XXXXX36126068             INDN:SARAH SOSCIA            CO ID:XXXXX81992 WEB,VENMO            DES:PAYMENT    ID:XXXXX36126068             INDN:SARAH SOSCIA            CO ID:XXXXX81992 WEB,9,debit,Transfer,Adv Plus Banking - 6710,,
125,6/27/2023,VENMO            DES:PAYMENT    ID:XXXXX39751125             INDN:SARAH SOSCIA            CO ID:XXXXX81992 WEB,VENMO            DES:PAYMENT    ID:XXXXX39751125             INDN:SARAH SOSCIA            CO ID:XXXXX81992 WEB,25,debit,Transfer,Adv Plus Banking - 6710,,
126,6/27/2023,UBER THEITALIANPL SAN FRANSISCO CA,UBER THEITALIANPL SAN FRANSISCO CA,6.38,debit,Ride Share,American Express Gold Card,,
127,6/27/2023,UBER THEITALIANPL SAN FRANSISCO CA,UBER THEITALIANPL SAN FRANSISCO CA,28.37,debit,Clothing,American Express Gold Card,,
128,6/27/2023,"DepositBANK OF AMERICA, NA RASP FRAC BUY ....","DepositBANK OF AMERICA, NA RASP FRAC BUY ....",12.27,debit,Transfer,SARAH IRA,,
129,6/27/2023,"DepositBANK OF AMERICA, NA RASP FRAC BUY ....","DepositBANK OF AMERICA, NA RASP FRAC BUY ....",12.88,debit,Transfer,SARAH ROTH,,
130,6/27/2023,WithdrawalML DIRECT DEPOSIT PROGRM,WithdrawalML DIRECT DEPOSIT PROGRM,799,credit,Transfer,CMA-Edge XXZ-X7892,,
131,6/27/2023,Purchase {tc}VANGUARD 500 INDEX FUND SHS ETF CLI...,Purchase {tc}VANGUARD 500 INDEX FUND SHS ETF CLI...,798.6,debit,Investments,CMA-Edge XXZ-X7892,,
132,6/27/2023,VANGUARD S&P 500 INDEX ETF - Buy,VANGUARD S&P 500 INDEX ETF - Buy,4012.65,debit,Investments,Mark H. Remmey Jr. Brokerage Account,,
133,6/26/2023,CHASE CREDIT CRD DES:EPAY       ID:XXXXX04187                INDN:SARAH REMMEY            CO ID:XXXXX39224 WEB,CHASE CREDIT CRD DES:EPAY       ID:XXXXX04187                INDN:SARAH REMMEY            CO ID:XXXXX39224 WEB,3271,debit,Credit Card Payment,Adv Plus Banking - 6710,,
134,6/26/2023,C43710 WEST BROA DES:DIR DEP    ID:261B9E7091027D            INDN:REMMEY SARAH            CO ID:XXXXX83648 PPD,C43710 WEST BROA DES:DIR DEP    ID:261B9E7091027D            INDN:REMMEY SARAH            CO ID:XXXXX83648 PPD,87.94,credit,Paycheck,Adv Plus Banking - 6710,,
135,6/26/2023,DividendSCHWAB US SMALL-CAP ETF HOLDING 13....,DividendSCHWAB US SMALL-CAP ETF HOLDING 13....,1.95,credit,Investments,SARAH IRA,,
136,6/26/2023,DividendMFS VALUE FD CL I PAY DATE 06/23/20...,DividendMFS VALUE FD CL I PAY DATE 06/23/20...,10.32,credit,Investments,SARAH IRA,,
137,6/26/2023,DividendMFS VALUE FD CL I PAY DATE 06/23/20...,DividendMFS VALUE FD CL I PAY DATE 06/23/20...,10.93,credit,Investments,SARAH ROTH,,
138,6/26/2023,DividendSCHWAB US SMALL-CAP ETF HOLDING 13....,DividendSCHWAB US SMALL-CAP ETF HOLDING 13....,1.95,credit,Investments,SARAH ROTH,,
139,6/26/2023,DepositML DIRECT DEPOSIT PROGRM,DepositML DIRECT DEPOSIT PROGRM,800,debit,Transfer,CMA-Edge XXZ-X7892,,
140,6/25/2023,WHOLEFDS OTN XX185 0ALEXANDRIA VA,WHOLEFDS OTN XX185 0ALEXANDRIA VA,52.62,debit,Groceries,American Express Gold Card,,
141,6/24/2023,TST* JOSEPHINE,TST* JOSEPHINE,203.71,debit,Restaurants,CREDIT CARD,,
142,6/23/2023,COMN CAP APY F1  DES:AUTO PAY   ID:PXXXXXXXXXX6685           INDN:SARAH REMMEY            CO ID:XXXXX80275 WEB,COMN CAP APY F1  DES:AUTO PAY   ID:PXXXXXXXXXX6685           INDN:SARAH REMMEY            CO ID:XXXXX80275 WEB,31.8,debit,Credit Card Payment,Adv Plus Banking - 6710,,
143,6/23/2023,Online Banking transfer to BRK 7892                         Confirmation# XXXXX75122,Online Banking transfer to BRK 7892                         Confirmation# XXXXX75122,800,debit,Transfer,Adv Plus Banking - 6710,,
144,6/23/2023,C43710 WEST BROA DES:DIR DEP    ID:3412A6A91205B1            INDN:REMMEY SARAH            CO ID:XXXXX83648 PPD,C43710 WEST BROA DES:DIR DEP    ID:3412A6A91205B1            INDN:REMMEY SARAH            CO ID:XXXXX83648 PPD,3988.9,credit,Paycheck,Adv Plus Banking - 6710,,
145,6/23/2023,PURCHASE   0622 SPOTIFY                                     877-778-1161 NY XXXXX1531XXXXXXXXXX6387 RECURRING,PURCHASE   0622 SPOTIFY                                     877-778-1161 NY XXXXX1531XXXXXXXXXX6387 RECURRING,10.98,debit,Music,Adv Plus Banking - 6710,,
146,6/23/2023,Payment to Chase card ending in XXXX 06/23,Payment to Chase card ending in XXXX 06/23,560.89,debit,Credit Card Payment,PREMIER PLUS CKG,,
147,6/23/2023,Payment Thank You - Web,Payment Thank You - Web,560.89,credit,Credit Card Payment,CREDIT CARD,,
148,6/23/2023,Funds ReceivedFR BAC#229042906710 SARAH C SOSCIA,Funds ReceivedFR BAC#229042906710 SARAH C SOSCIA,800,credit,Investments,CMA-Edge XXZ-X7892,,
149,6/22/2023,PEPCO PAYMENTUS BILLPAY PPD ID: XXXXXX0160,PEPCO PAYMENTUS BILLPAY PPD ID: XXXXXX0160,67.26,debit,Utilities,PREMIER PLUS CKG,,
150,6/22/2023,Growth Index Fund Inst - Dividends on Equity Investments,Growth Index Fund Inst - Dividends on Equity Investments,47.39,credit,Dividend & Cap Gains,DELOITTE 401(K) PLAN,,
151,6/22/2023,Mid-Cap Index Inst Plus - Dividends on Equity Investments,Mid-Cap Index Inst Plus - Dividends on Equity Investments,113.35,credit,Dividend & Cap Gains,DELOITTE 401(K) PLAN,,
152,6/21/2023,VENMO            DES:CASHOUT    ID:XXXXX16504744             INDN:SARAH SOSCIA            CO ID:XXXXX81992 PPD,VENMO            DES:CASHOUT    ID:XXXXX16504744             INDN:SARAH SOSCIA            CO ID:XXXXX81992 PPD,260,credit,Transfer,Adv Plus Banking - 6710,,
153,6/21/2023,VENMO            DES:PAYMENT    ID:XXXXX25720629             INDN:SARAH SOSCIA            CO ID:XXXXX81992 WEB,VENMO            DES:PAYMENT    ID:XXXXX25720629             INDN:SARAH SOSCIA            CO ID:XXXXX81992 WEB,75,debit,Transfer,Adv Plus Banking - 6710,,
154,6/20/2023,SUNOCO XXXXXXXX03 03ALEXANDRIA VA,SUNOCO XXXXXXXX03 03ALEXANDRIA VA,50.88,debit,Gas & Fuel,American Express Gold Card,,
155,6/20/2023,VANGUARD BUY INVESTMENT XXXXXXXXXXX2237 WEB ID: VMC PUR,VANGUARD BUY INVESTMENT XXXXXXXXXXX2237 WEB ID: VMC PUR,3000,debit,Financial,PREMIER PLUS CKG,,
156,6/20/2023,AMERICAN EXPRESS ACH PMT WXXXX WEB ID: XXXXXX2111,AMERICAN EXPRESS ACH PMT WXXXX WEB ID: XXXXXX2111,60.19,debit,Credit Card Payment,PREMIER PLUS CKG,,
157,6/20/2023,TST* Pearls Bagels,TST* Pearls Bagels,11,debit,Fast Food,CREDIT CARD,,
158,6/20/2023,"From: JPMORGAN CHASE BANK, N.A. - Funds Received","From: JPMORGAN CHASE BANK, N.A. - Funds Received",3000,credit,Investments,Mark H. Remmey Jr. Brokerage Account,,
159,6/20/2023,TENCENT HOLDINGS LTD UNSPON ADR - Fee,TENCENT HOLDINGS LTD UNSPON ADR - Fee,0.78,credit,Trade Commissions,Mark H. Remmey Jr. Brokerage Account,,
160,6/20/2023,TENCENT HOLDINGS LTD UNSPON ADR - Reinvestment,TENCENT HOLDINGS LTD UNSPON ADR - Reinvestment,5.75,debit,Investments,Mark H. Remmey Jr. Brokerage Account,,
161,6/20/2023,VANGUARD FEDERAL MONEY MARKET FUND (Settlement Fund) - Sweep in,VANGUARD FEDERAL MONEY MARKET FUND (Settlement Fund) - Sweep in,3000,debit,Investments,Mark H. Remmey Jr. Brokerage Account,,
162,6/20/2023,TENCENT HOLDINGS LTD UNSPON ADR - Dividend,TENCENT HOLDINGS LTD UNSPON ADR - Dividend,6.53,credit,Dividend & Cap Gains,Mark H. Remmey Jr. Brokerage Account,,
163,6/20/2023,TENCENT HOLDINGS LTD UNSPON ADR - Reinvestment,TENCENT HOLDINGS LTD UNSPON ADR - Reinvestment,4.3,debit,Investments,Mark H. Remmey Jr. Roth IRA Brokerage Account,,
164,6/20/2023,TENCENT HOLDINGS LTD UNSPON ADR - Dividend,TENCENT HOLDINGS LTD UNSPON ADR - Dividend,4.89,credit,Dividend & Cap Gains,Mark H. Remmey Jr. Roth IRA Brokerage Account,,
165,6/20/2023,TENCENT HOLDINGS LTD UNSPON ADR - Fee,TENCENT HOLDINGS LTD UNSPON ADR - Fee,0.59,credit,Trade Commissions,Mark H. Remmey Jr. Roth IRA Brokerage Account,,
166,6/19/2023,PAYPAL *LYFT X RIDESXXXXXX0278 CA,PAYPAL *LYFT X RIDESXXXXXX0278 CA,3.15,debit,Ride Share,American Express Gold Card,,
167,6/19/2023,UBER ONE help.uber.com CA,UBER ONE help.uber.com CA,9.99,debit,Ride Share,American Express Gold Card,,
168,6/19/2023,ONLINE PAYMENT - THANK YOU,ONLINE PAYMENT - THANK YOU,60.19,credit,Income,American Express Gold Card,,
169,6/19/2023,PAYPAL *ANCESTRYDNA,PAYPAL *ANCESTRYDNA,10,debit,Internet,CREDIT CARD,,
170,6/19/2023,TST* DANIEL O'CONNELL'S I,TST* DANIEL O'CONNELL'S I,112.21,debit,Alcohol & Bars,CREDIT CARD,,
171,6/19/2023,KILWINS,KILWINS,16.94,debit,Restaurants,CREDIT CARD,,
172,6/19/2023,CHATGPT SUBSCRIPTION,CHATGPT SUBSCRIPTION,21.2,debit,Entertainment,CREDIT CARD,,
173,6/19/2023,Jacks Place,Jacks Place,59.6,debit,Restaurants,CREDIT CARD,,
174,6/18/2023,PAYPAL *UBER XXXXXX1039 CA,PAYPAL *UBER XXXXXX1039 CA,16.03,debit,Ride Share,American Express Gold Card,,
175,6/18/2023,PAYPAL *UBER XXXXXX1039 CA,PAYPAL *UBER XXXXXX1039 CA,10.83,debit,Ride Share,American Express Gold Card,,
176,6/18/2023,TST* WEST WING CAFE,TST* WEST WING CAFE,12.09,debit,Restaurants,CREDIT CARD,,
177,6/18/2023,METRO 047-BRADDOCK ROAD,METRO 047-BRADDOCK ROAD,34,debit,Public Transportation,CREDIT CARD,,
178,6/18/2023,MISHA'S COFFEE,MISHA'S COFFEE,5,debit,Coffee Shops,CREDIT CARD,,
179,6/18/2023,CHIPOTLE 0245,CHIPOTLE 0245,15.17,debit,Fast Food,CREDIT CARD,,
180,6/16/2023,VENMO            DES:PAYMENT    ID:XXXXX34963749             INDN:SARAH SOSCIA            CO ID:XXXXX81992 WEB,VENMO            DES:PAYMENT    ID:XXXXX34963749             INDN:SARAH SOSCIA            CO ID:XXXXX81992 WEB,75,debit,Transfer,Adv Plus Banking - 6710,,
181,6/16/2023,SQ *COMPASS COFFEE,SQ *COMPASS COFFEE,3.79,debit,Coffee Shops,CREDIT CARD,,
182,6/16/2023,TST* WEST WING CAFE,TST* WEST WING CAFE,12.09,debit,Restaurants,CREDIT CARD,,
183,6/16/2023,VANGUARD WINDSOR II INVESTOR CL - Dividend,VANGUARD WINDSOR II INVESTOR CL - Dividend,153.47,credit,Dividend & Cap Gains,Mark H. Remmey Jr. Brokerage Account,,
184,6/16/2023,VANGUARD WINDSOR II INVESTOR CL - Reinvestment,VANGUARD WINDSOR II INVESTOR CL - Reinvestment,153.47,debit,Investments,Mark H. Remmey Jr. Brokerage Account,,
185,6/15/2023,VENMO            DES:PAYMENT    ID:XXXXX08777487             INDN:SARAH SOSCIA            CO ID:XXXXX81992 WEB,VENMO            DES:PAYMENT    ID:XXXXX08777487             INDN:SARAH SOSCIA            CO ID:XXXXX81992 WEB,15,debit,Transfer,Adv Plus Banking - 6710,,
186,6/15/2023,VENMO            DES:PAYMENT    ID:XXXXX08758881             INDN:SARAH SOSCIA            CO ID:XXXXX81992 WEB,VENMO            DES:PAYMENT    ID:XXXXX08758881             INDN:SARAH SOSCIA            CO ID:XXXXX81992 WEB,119.92,debit,Transfer,Adv Plus Banking - 6710,,
187,6/15/2023,PAYPAL *UBER XXXXXX1039 CA,PAYPAL *UBER XXXXXX1039 CA,20.34,debit,Ride Share,American Express Gold Card,,
188,6/15/2023,MICROSOFT EDIPAYMENT PPD ID: XXXXXX4442,MICROSOFT EDIPAYMENT PPD ID: XXXXXX4442,2714.75,credit,Paycheck,PREMIER PLUS CKG,,
189,6/15/2023,"DFAS-IN IND, IN ARMY RC PPD ID: XXXXXX6039","DFAS-IN IND, IN ARMY RC PPD ID: XXXXXX6039",427.49,credit,Income,PREMIER PLUS CKG,,
190,6/15/2023,APPLE.COM/BILL,APPLE.COM/BILL,1.05,debit,Electronics & Software,CREDIT CARD,,
191,6/15/2023,Match,Match,30.31,credit,Investments,Thrift Savings Plan - Uniformed Services,,
192,6/15/2023,Roth,Roth,151.54,credit,Investments,Thrift Savings Plan - Uniformed Services,,
193,6/15/2023,Automatic (1%),Automatic (1%),7.58,credit,Transfer,Thrift Savings Plan - Uniformed Services,,
194,6/15/2023,PARTIC CONTR CURRENT PARTICIPANT CUR YR (Cash),PARTIC CONTR CURRENT PARTICIPANT CUR YR (Cash),180.3,credit,Investments,Health Savings Account,,
195,6/14/2023,PAYPAL *APPLE.COM/BIXXXXXX2273 CA,PAYPAL *APPLE.COM/BIXXXXXX2273 CA,12.99,debit,Electronics & Software,American Express Gold Card,,
196,6/14/2023,PAYPAL *GITHUB INC,PAYPAL *GITHUB INC,10,debit,Electronics & Software,CREDIT CARD,,
197,6/14/2023,"DepositBANK OF AMERICA, NA RASP FRAC BUY ....","DepositBANK OF AMERICA, NA RASP FRAC BUY ....",80.01,debit,Transfer,SARAH IRA,,
198,6/14/2023,"DepositBANK OF AMERICA, NA RASP FRAC BUY ....","DepositBANK OF AMERICA, NA RASP FRAC BUY ....",83.43,debit,Transfer,SARAH ROTH,,
199,6/13/2023,INTEREST PAYMENT,INTEREST PAYMENT,0.02,credit,Interest Income,PREMIER PLUS CKG,,
200,6/13/2023,DividendISHARES RUSSELL 1000 VALUE HOLDING ...,DividendISHARES RUSSELL 1000 VALUE HOLDING ...,20.06,credit,Investments,SARAH IRA,,
201,6/13/2023,DividendISHARES EDGE MSCI MIN VOL EAFE ETF ...,DividendISHARES EDGE MSCI MIN VOL EAFE ETF ...,26.23,credit,Investments,SARAH IRA,,
202,6/13/2023,DividendISHARES TR CORE MSCI INTL DEVELOPED...,DividendISHARES TR CORE MSCI INTL DEVELOPED...,27.08,credit,Investments,SARAH IRA,,
203,6/13/2023,DividendISHARES RUSSELL 1000 GROWTH HOLDING...,DividendISHARES RUSSELL 1000 GROWTH HOLDING...,6.64,credit,Investments,SARAH IRA,,
204,6/13/2023,DividendISHARES RUSSELL 1000 VALUE HOLDING ...,DividendISHARES RUSSELL 1000 VALUE HOLDING ...,20.69,credit,Investments,SARAH ROTH,,
205,6/13/2023,DividendISHARES EDGE MSCI MIN VOL EAFE ETF ...,DividendISHARES EDGE MSCI MIN VOL EAFE ETF ...,27.54,credit,Investments,SARAH ROTH,,
206,6/13/2023,DividendISHARES TR CORE MSCI INTL DEVELOPED...,DividendISHARES TR CORE MSCI INTL DEVELOPED...,28.16,credit,Investments,SARAH ROTH,,
207,6/13/2023,DividendISHARES RUSSELL 1000 GROWTH HOLDING...,DividendISHARES RUSSELL 1000 GROWTH HOLDING...,7.04,credit,Investments,SARAH ROTH,,
208,6/13/2023,Purchase {tc}VANGUARD 500 INDEX FUND SHS ETF CLI...,Purchase {tc}VANGUARD 500 INDEX FUND SHS ETF CLI...,1982.28,debit,Investments,CMA-Edge XXZ-X7892,,
209,6/13/2023,WithdrawalML DIRECT DEPOSIT PROGRM,WithdrawalML DIRECT DEPOSIT PROGRM,1982,credit,Transfer,CMA-Edge XXZ-X7892,,
210,6/12/2023,CHASE CREDIT CRD DES:EPAY       ID:XXXXX58681                INDN:SARAH REMMEY            CO ID:XXXXX39224 WEB,CHASE CREDIT CRD DES:EPAY       ID:XXXXX58681                INDN:SARAH REMMEY            CO ID:XXXXX39224 WEB,3390,debit,Credit Card Payment,Adv Plus Banking - 6710,,
211,6/12/2023,ONLINE PAYMENT - THANK YOU,ONLINE PAYMENT - THANK YOU,54.08,credit,Income,American Express Gold Card,,
212,6/12/2023,AMERICAN EXPRESS ACH PMT WXXXX WEB ID: XXXXXX2111,AMERICAN EXPRESS ACH PMT WXXXX WEB ID: XXXXXX2111,54.08,debit,Credit Card Payment,PREMIER PLUS CKG,,
213,6/12/2023,IL PORTO RISTORANTE,IL PORTO RISTORANTE,207.43,debit,Restaurants,CREDIT CARD,,
214,6/12/2023,DepositML DIRECT DEPOSIT PROGRM,DepositML DIRECT DEPOSIT PROGRM,1800,debit,Transfer,CMA-Edge XXZ-X7892,,
215,6/11/2023,PAYPAL *APPLE.COM/BIXXXXXX2273 CA,PAYPAL *APPLE.COM/BIXXXXXX2273 CA,0.99,debit,Electronics & Software,American Express Gold Card,,
216,6/11/2023,PAYPAL *UBER XXXXXX1039 CA,PAYPAL *UBER XXXXXX1039 CA,8.7,debit,Ride Share,American Express Gold Card,,
217,6/11/2023,TST* WEST WING CAFE,TST* WEST WING CAFE,14.94,debit,Restaurants,CREDIT CARD,,
218,6/11/2023,PAYPAL *MANGOLINEIN,PAYPAL *MANGOLINEIN,74.19,credit,Income,CREDIT CARD,,
219,6/11/2023,SQ *THE ITALIAN PLACE,SQ *THE ITALIAN PLACE,29.16,debit,Restaurants,CREDIT CARD,,
220,6/9/2023,C43710 WEST BROA DES:DIR DEP    ID:54B61F867E21A1            INDN:REMMEY SARAH            CO ID:XXXXX83648 PPD,C43710 WEST BROA DES:DIR DEP    ID:54B61F867E21A1            INDN:REMMEY SARAH            CO ID:XXXXX83648 PPD,4279.35,credit,Paycheck,Adv Plus Banking - 6710,,
221,6/9/2023,Online Banking transfer to BRK 7892                         Confirmation# XXXXX32653,Online Banking transfer to BRK 7892                         Confirmation# XXXXX32653,1800,debit,Transfer,Adv Plus Banking - 6710,,
222,6/9/2023,Online Banking payment to CRD 1564                          Confirmation# XXXXX11129,Online Banking payment to CRD 1564                          Confirmation# XXXXX11129,304.27,debit,Credit Card Payment,Adv Plus Banking - 6710,,
223,6/9/2023,Online payment from CHK 6710             ,Online payment from CHK 6710             ,304.27,credit,Credit Card Payment,Customized Cash Rewards Visa Signature - 1564,,
224,6/9/2023,Funds ReceivedFR BAC#229042906710 SARAH C SOSCIA,Funds ReceivedFR BAC#229042906710 SARAH C SOSCIA,1800,credit,Investments,CMA-Edge XXZ-X7892,,
225,6/8/2023,EVER/BODY                WWW.EVERBODY.NY ,EVER/BODY                WWW.EVERBODY.NY ,65.72,debit,Health & Fitness,Customized Cash Rewards Visa Signature - 1564,,
226,6/8/2023,TST* WEST WING CAFE,TST* WEST WING CAFE,12.09,debit,Restaurants,CREDIT CARD,,
227,6/8/2023,TST* WEST WING CAFE,TST* WEST WING CAFE,6.6,debit,Restaurants,CREDIT CARD,,
228,6/8/2023,DIVIDEND RECEIVED MICROSOFT CORP (MSFT) (Cash),DIVIDEND RECEIVED MICROSOFT CORP (MSFT) (Cash),22.1,credit,Dividend & Cap Gains,Individual,,
229,6/7/2023,VENMO            DES:PAYMENT    ID:XXXXX54962833             INDN:SARAH SOSCIA            CO ID:XXXXX81992 WEB,VENMO            DES:PAYMENT    ID:XXXXX54962833             INDN:SARAH SOSCIA            CO ID:XXXXX81992 WEB,15,debit,Transfer,Adv Plus Banking - 6710,,
230,6/7/2023,LAZ PARKING XX0111-FLASH,LAZ PARKING XX0111-FLASH,24,debit,Parking,CREDIT CARD,,
231,6/6/2023,PL*PromaxManagem WEB PMTS LJXYXX WEB ID: XXXXXX8010,PL*PromaxManagem WEB PMTS LJXYXX WEB ID: XXXXXX8010,1782.26,debit,Mortgage & Rent,PREMIER PLUS CKG,,
232,6/6/2023,PL*PAYLEASE WEB PMTS ZGXYXX WEB ID: XXXXXX7225,PL*PAYLEASE WEB PMTS ZGXYXX WEB ID: XXXXXX7225,2.95,debit,Mortgage & Rent,PREMIER PLUS CKG,,
233,6/6/2023,X0006D CAVA CHINATOWN,X0006D CAVA CHINATOWN,12.27,debit,Restaurants,CREDIT CARD,,
234,6/6/2023,TST* WEST WING CAFE,TST* WEST WING CAFE,4.21,debit,Restaurants,CREDIT CARD,,
235,6/6/2023,"DepositBANK OF AMERICA, NA RASP FRAC BUY ....","DepositBANK OF AMERICA, NA RASP FRAC BUY ....",3.32,debit,Transfer,SARAH IRA,,
236,6/6/2023,"DepositBANK OF AMERICA, NA RASP FRAC BUY ....","DepositBANK OF AMERICA, NA RASP FRAC BUY ....",3.35,debit,Transfer,SARAH ROTH,,
237,6/6/2023,YOU BOUGHT FACT SHEET TO FOLLOW JPMORGAN CHASE BK N A CD 5.40000% 06/07/2024 (Cash),YOU BOUGHT FACT SHEET TO FOLLOW JPMORGAN CHASE BK N A CD 5.40000% 06/07/2024 (Cash),10000,debit,Investments,Individual,,
238,6/5/2023,COMCAST 8299610  DES:XXXXX6560  ID:5792600                   INDN:SARAH *REMMEY           CO ID:XXXXX13249 PPD,COMCAST 8299610  DES:XXXXX6560  ID:5792600                   INDN:SARAH *REMMEY           CO ID:XXXXX13249 PPD,25,debit,Television,Adv Plus Banking - 6710,,
239,6/5/2023,VENMO            DES:PAYMENT    ID:XXXXX79311548             INDN:SARAH SOSCIA            CO ID:XXXXX81992 WEB,VENMO            DES:PAYMENT    ID:XXXXX79311548             INDN:SARAH SOSCIA            CO ID:XXXXX81992 WEB,30,debit,Transfer,Adv Plus Banking - 6710,,
240,6/5/2023,US FITNESSCRXXXX EFT PPD ID: XXXXXX4319,US FITNESSCRXXXX EFT PPD ID: XXXXXX4319,79.99,debit,Gym,PREMIER PLUS CKG,,
241,6/5/2023,Payment to Chase card ending in XXXX 06/05,Payment to Chase card ending in XXXX 06/05,133.58,debit,Credit Card Payment,PREMIER PLUS CKG,,
242,6/5/2023,Payment Thank You - Web,Payment Thank You - Web,133.58,credit,Credit Card Payment,CREDIT CARD,,
243,6/5/2023,Advisory Program FeeMUTUAL FUND REBATE,Advisory Program FeeMUTUAL FUND REBATE,3.32,credit,Investments,SARAH IRA,,
244,6/5/2023,"WithdrawalBANK OF AMERICA, NA RASP FRAC SELL ...","WithdrawalBANK OF AMERICA, NA RASP FRAC SELL ...",15.22,credit,Investments,SARAH IRA,,
245,6/5/2023,Advisory Program FeeMUTUAL FUND REBATE,Advisory Program FeeMUTUAL FUND REBATE,3.35,credit,Investments,SARAH ROTH,,
246,6/5/2023,"WithdrawalBANK OF AMERICA, NA RASP FRAC SELL ...","WithdrawalBANK OF AMERICA, NA RASP FRAC SELL ...",15.89,credit,Investments,SARAH ROTH,,
247,6/4/2023,Amazon web services,Amazon web services,0.24,debit,Electronics & Software,CREDIT CARD,,
248,6/2/2023,KEYMELOCKSMITHS.COM      HTTPSKEY.ME  NJ ,KEYMELOCKSMITHS.COM      HTTPSKEY.ME  NJ ,23.28,debit,Shopping,Customized Cash Rewards Visa Signature - 1564,,
249,6/2/2023,USPS PO 5101140101       ALEXANDRIA   VA ,USPS PO 5101140101       ALEXANDRIA   VA ,22.27,debit,Shipping,Customized Cash Rewards Visa Signature - 1564,,
250,6/2/2023,EXXONMOBIL 9975 ALEXANDRIA VA,EXXONMOBIL 9975 ALEXANDRIA VA,44.39,debit,Gas & Fuel,American Express Gold Card,,
251,6/2/2023,PAYPAL *SPOTIFYUSAI,PAYPAL *SPOTIFYUSAI,9.99,debit,Music,CREDIT CARD,,
252,6/2/2023,Audible*JD4PW3GO3,Audible*JD4PW3GO3,15.85,debit,Books,CREDIT CARD,,
253,6/2/2023,GOOGLE *YouTubePremium,GOOGLE *YouTubePremium,12.71,debit,Television,CREDIT CARD,,
254,6/2/2023,DSW.,DSW.,90.09,debit,Clothing,CREDIT CARD,,
255,6/2/2023,Advisory Program FeeINV. ADVISORY FEE JUN,Advisory Program FeeINV. ADVISORY FEE JUN,15.22,debit,Investments,SARAH IRA,,
256,6/2/2023,Advisory Program FeeINV. ADVISORY FEE JUN,Advisory Program FeeINV. ADVISORY FEE JUN,15.89,debit,Investments,SARAH ROTH,,
257,6/1/2023,ONLINE PAYMENT - THANK YOU,ONLINE PAYMENT - THANK YOU,121.82,credit,Income,American Express Gold Card,,
258,6/1/2023,USAA FSB ICPAYMENT PPD ID: XXXXXX9165,USAA FSB ICPAYMENT PPD ID: XXXXXX9165,336.42,debit,Auto Payment,PREMIER PLUS CKG,,
259,6/1/2023,Payment to Chase card ending in XXXX 06/01,Payment to Chase card ending in XXXX 06/01,1049.85,debit,Credit Card Payment,PREMIER PLUS CKG,,
260,6/1/2023,AMERICAN EXPRESS ACH PMT WXXXX WEB ID: XXXXXX2111,AMERICAN EXPRESS ACH PMT WXXXX WEB ID: XXXXXX2111,121.82,debit,Credit Card Payment,PREMIER PLUS CKG,,
261,6/1/2023,Payment Thank You - Web,Payment Thank You - Web,1049.85,credit,Credit Card Payment,CREDIT CARD,,
262,6/1/2023,STARBUCKS STORE X0701,STARBUCKS STORE X0701,4.94,debit,Coffee Shops,CREDIT CARD,,
263,6/1/2023,PRINCIPAL,PRINCIPAL,301.71,credit,Loan Principal,My Auto Loan,,
264,6/1/2023,INTEREST,INTEREST,34.71,credit,Loan Interest,My Auto Loan,,
265,5/31/2023,MICROSOFT EDIPAYMENT PPD ID: XXXXXX4442,MICROSOFT EDIPAYMENT PPD ID: XXXXXX4442,3559.54,credit,Paycheck,PREMIER PLUS CKG,,
266,5/31/2023,The Black Tux,The Black Tux,382.66,debit,Clothing,CREDIT CARD,,
267,5/31/2023,"InterestBANK OF AMERICA, NA RASP 0.42000 DI...","InterestBANK OF AMERICA, NA RASP 0.42000 DI...",0,credit,Investments,SARAH IRA,,
268,5/31/2023,"InterestBANK OF AMERICA, NA RASP 0.29000 DI...","InterestBANK OF AMERICA, NA RASP 0.29000 DI...",0,credit,Investments,SARAH ROTH,,
269,5/31/2023,REINVESTMENT CASH (315994103) (Cash),REINVESTMENT CASH (315994103) (Cash),2.48,debit,Investments,Individual,,
270,5/31/2023,YOU SOLD MICROSOFT CORP (MSFT) (Cash),YOU SOLD MICROSOFT CORP (MSFT) (Cash),5352.99,credit,Sell,Individual,,
271,5/31/2023,INTEREST EARNED CASH (315994103) (Cash),INTEREST EARNED CASH (315994103) (Cash),2.48,credit,Investments,Individual,,
272,5/31/2023,YOU SOLD MICROSOFT CORP (MSFT) (Cash),YOU SOLD MICROSOFT CORP (MSFT) (Cash),166.29,credit,Sell,Individual,,
273,5/31/2023,DIVIDEND RECEIVED FIDELITY GOVERNMENT CASH RESERVES (FDRXX) (Cash),DIVIDEND RECEIVED FIDELITY GOVERNMENT CASH RESERVES (FDRXX) (Cash),10.76,credit,Dividend & Cap Gains,Health Savings Account,,
274,5/31/2023,PARTIC CONTR CURRENT PARTICIPANT CUR YR (Cash),PARTIC CONTR CURRENT PARTICIPANT CUR YR (Cash),180.3,credit,Investments,Health Savings Account,,
275,5/31/2023,REINVESTMENT FIDELITY GOVERNMENT CASH RESERVES (FDRXX) (Cash),REINVESTMENT FIDELITY GOVERNMENT CASH RESERVES (FDRXX) (Cash),10.76,debit,Investments,Health Savings Account,,
276,5/30/2023,CHASE CREDIT CRD DES:EPAY       ID:XXXXX68070                INDN:SARAH REMMEY            CO ID:XXXXX39224 WEB,CHASE CREDIT CRD DES:EPAY       ID:XXXXX68070                INDN:SARAH REMMEY            CO ID:XXXXX39224 WEB,3500,debit,Credit Card Payment,Adv Plus Banking - 6710,,
277,5/29/2023,EVER/BODY                WWW.EVERBODY.NY ,EVER/BODY                WWW.EVERBODY.NY ,78.24,debit,Health & Fitness,Customized Cash Rewards Visa Signature - 1564,,
278,5/29/2023,PAYPAL *LYFT X RIDESXXXXXX0278 CA,PAYPAL *LYFT X RIDESXXXXXX0278 CA,8.55,debit,Ride Share,American Express Gold Card,,
279,5/29/2023,PAYPAL *UBER XXXXXX1039 CA,PAYPAL *UBER XXXXXX1039 CA,3,debit,Ride Share,American Express Gold Card,,
280,5/29/2023,PAYPAL *UBER XXXXXX1039 CA,PAYPAL *UBER XXXXXX1039 CA,8.7,debit,Ride Share,American Express Gold Card,,
281,5/29/2023,SQ *THE ITALIAN PLACE,SQ *THE ITALIAN PLACE,55.01,debit,Restaurants,CREDIT CARD,,
282,5/29/2023,SQ *THE CHEWISH DELI,SQ *THE CHEWISH DELI,37.74,debit,Restaurants,CREDIT CARD,,
283,5/29/2023,SQ *THE ITALIAN PLACE,SQ *THE ITALIAN PLACE,2.7,debit,Restaurants,CREDIT CARD,,
284,5/29/2023,SQ *DOLCI GELATI ALEXANDR,SQ *DOLCI GELATI ALEXANDR,13.78,debit,Food & Dining,CREDIT CARD,,
285,5/29/2023,PAYPAL *MANGOLINEIN,PAYPAL *MANGOLINEIN,233.16,debit,Clothing,CREDIT CARD,,
286,5/28/2023,MISHA'S,MISHA'S,5,debit,Fast Food,CREDIT CARD,,
287,5/26/2023,C43710 WEST BROA DES:DIR DEP    ID:144DDED4FF6F8F            INDN:REMMEY SARAH            CO ID:XXXXX83648 PPD,C43710 WEST BROA DES:DIR DEP    ID:144DDED4FF6F8F            INDN:REMMEY SARAH            CO ID:XXXXX83648 PPD,3157.58,credit,Paycheck,Adv Plus Banking - 6710,,
288,5/25/2023,VENMO            DES:PAYMENT    ID:XXXXX98693793             INDN:SARAH SOSCIA            CO ID:XXXXX81992 WEB,VENMO            DES:PAYMENT    ID:XXXXX98693793             INDN:SARAH SOSCIA            CO ID:XXXXX81992 WEB,360,debit,Transfer,Adv Plus Banking - 6710,,
289,5/25/2023,WASHINGTON GAS   DES:PAYMENT    ID:XXXXX2788814              INDN:SARAH SOSCIA            CO ID:XXXXX62882 CCD,WASHINGTON GAS   DES:PAYMENT    ID:XXXXX2788814              INDN:SARAH SOSCIA            CO ID:XXXXX62882 CCD,46.23,debit,Utilities,Adv Plus Banking - 6710,,
290,5/25/2023,YOU SOLD MICROSOFT CORP (MSFT) (Cash),YOU SOLD MICROSOFT CORP (MSFT) (Cash),5197.87,credit,Sell,Individual,,
291,5/24/2023,VENMO            DES:PAYMENT    ID:XXXXX80197179             INDN:SARAH SOSCIA            CO ID:XXXXX81992 WEB,VENMO            DES:PAYMENT    ID:XXXXX80197179             INDN:SARAH SOSCIA            CO ID:XXXXX81992 WEB,62,debit,Transfer,Adv Plus Banking - 6710,,
292,5/24/2023,DEBIT CARD PURCHASE SQ *QUALITY TOUCH PHYS TAlexandria VA05222301046921600043 (Cash),DEBIT CARD PURCHASE SQ *QUALITY TOUCH PHYS TAlexandria VA05222301046921600043 (Cash),250,debit,Investments,Health Savings Account,,
293,5/23/2023,PURCHASE   0522 SPOTIFY                                     877-778-1161 NY XXXXX1531XXXXXXXXXX1080 RECURRING,PURCHASE   0522 SPOTIFY                                     877-778-1161 NY XXXXX1531XXXXXXXXXX1080 RECURRING,10.98,debit,Music,Adv Plus Banking - 6710,,
294,5/22/2023,VENMO            DES:CASHOUT    ID:XXXXX02890735             INDN:SARAH SOSCIA            CO ID:XXXXX81992 PPD,VENMO            DES:CASHOUT    ID:XXXXX02890735             INDN:SARAH SOSCIA            CO ID:XXXXX81992 PPD,29.3,credit,Transfer,Adv Plus Banking - 6710,,
295,5/21/2023,PAYPAL *LYFT X RIDE XXXXXX0278 CA,PAYPAL *LYFT X RIDE XXXXXX0278 CA,1.3,debit,Ride Share,American Express Gold Card,,
296,5/21/2023,VA DMV ALEXANDRIA CSC,VA DMV ALEXANDRIA CSC,42,debit,Auto & Transport,CREDIT CARD,,
297,5/21/2023,PAYPAL *ETSY INC,PAYPAL *ETSY INC,59.78,debit,Shopping,CREDIT CARD,,
298,5/21/2023,SQ *THE ITALIAN PLACE,SQ *THE ITALIAN PLACE,41.05,debit,Restaurants,CREDIT CARD,,
299,5/20/2023,EVER/BODY                WWW.EVERBODY.NY ,EVER/BODY                WWW.EVERBODY.NY ,91.23,debit,Health & Fitness,Customized Cash Rewards Visa Signature - 1564,,
300,5/19/2023,UBER ONE help.uber.com CA,UBER ONE help.uber.com CA,9.99,debit,Ride Share,American Express Gold Card,,
301,5/19/2023,CHATGPT SUBSCRIPTION,CHATGPT SUBSCRIPTION,21.2,debit,Entertainment,CREDIT CARD,,
302,5/19/2023,PAYPAL *MANGOLINEIN,PAYPAL *MANGOLINEIN,127.18,debit,Clothing,CREDIT CARD,,
303,5/18/2023,VENMO CASHOUT PPD ID: XXXXXX1992,VENMO CASHOUT PPD ID: XXXXXX1992,216.38,credit,Transfer,PREMIER PLUS CKG,,
304,5/18/2023,PEPCO PAYMENTUS BILLPAY PPD ID: XXXXXX0160,PEPCO PAYMENTUS BILLPAY PPD ID: XXXXXX0160,98.74,debit,Utilities,PREMIER PLUS CKG,,
305,5/17/2023,C43710 WEST BROA DES:DIR DEP    ID:630DF471BE75E1            INDN:REMMEY SARAH            CO ID:XXXXX83648 PPD,C43710 WEST BROA DES:DIR DEP    ID:630DF471BE75E1            INDN:REMMEY SARAH            CO ID:XXXXX83648 PPD,1321.9,credit,Paycheck,Adv Plus Banking - 6710,,
306,5/17/2023,VENMO PAYMENT XXXXXXXXXXXXX WEB ID: XXXXXX1992,VENMO PAYMENT XXXXXXXXXXXXX WEB ID: XXXXXX1992,50,debit,Transfer,PREMIER PLUS CKG,,
307,5/17/2023,AMERICAN EXPRESS ACH PMT WXXXX WEB ID: XXXXXX2111,AMERICAN EXPRESS ACH PMT WXXXX WEB ID: XXXXXX2111,51.54,debit,Credit Card Payment,PREMIER PLUS CKG,,
308,5/17/2023,VENMO PAYMENT XXXXXXXXXXXXX WEB ID: XXXXXX1992,VENMO PAYMENT XXXXXXXXXXXXX WEB ID: XXXXXX1992,313.65,debit,Transfer,PREMIER PLUS CKG,,
309,5/17/2023,Payment to Chase card ending in XXXX 05/17,Payment to Chase card ending in XXXX 05/17,212.46,debit,Credit Card Payment,PREMIER PLUS CKG,,
310,5/17/2023,Payment Thank You - Web,Payment Thank You - Web,212.46,credit,Credit Card Payment,CREDIT CARD,,
311,5/16/2023,SQ *BULLFROG BAGELS      Washington   DC ,SQ *BULLFROG BAGELS      Washington   DC ,23.53,debit,Food & Dining,Customized Cash Rewards Visa Signature - 1564,,
312,5/16/2023,ONLINE PAYMENT - THANK YOU,ONLINE PAYMENT - THANK YOU,51.54,credit,Income,American Express Gold Card,,
313,5/16/2023,Payment to Chase card ending in XXXX 05/16,Payment to Chase card ending in XXXX 05/16,1432.71,debit,Credit Card Payment,PREMIER PLUS CKG,,
314,5/16/2023,VENMO PAYMENT XXXXXXXXXXXXX WEB ID: XXXXXX1992,VENMO PAYMENT XXXXXXXXXXXXX WEB ID: XXXXXX1992,950,debit,Transfer,PREMIER PLUS CKG,,
315,5/16/2023,SQ *BULLFROG BAGELS,SQ *BULLFROG BAGELS,15.18,debit,Fast Food,CREDIT CARD,,
316,5/16/2023,Payment Thank You - Web,Payment Thank You - Web,1432.71,credit,Credit Card Payment,CREDIT CARD,,
317,5/16/2023,DTW-CNBC,DTW-CNBC,3.49,debit,Shopping,CREDIT CARD,,
318,5/16/2023,STARBUCKS T2 WEST SAN,STARBUCKS T2 WEST SAN,9.92,debit,Coffee Shops,CREDIT CARD,,
319,5/16/2023,Purchase {tc}VANGUARD 500 INDEX FUND SHS ETF CLI...,Purchase {tc}VANGUARD 500 INDEX FUND SHS ETF CLI...,759.7,debit,Investments,CMA-Edge XXZ-X7892,,
320,5/16/2023,WithdrawalML DIRECT DEPOSIT PROGRM,WithdrawalML DIRECT DEPOSIT PROGRM,760,credit,Transfer,CMA-Edge XXZ-X7892,,
321,5/15/2023,CHASE CREDIT CRD DES:EPAY       ID:XXXXX81975                INDN:SARAH REMMEY            CO ID:XXXXX39224 WEB,CHASE CREDIT CRD DES:EPAY       ID:XXXXX81975                INDN:SARAH REMMEY            CO ID:XXXXX39224 WEB,2188,debit,Credit Card Payment,Adv Plus Banking - 6710,,
322,5/15/2023,VENMO            DES:PAYMENT    ID:XXXXX89580895             INDN:SARAH SOSCIA            CO ID:XXXXX81992 WEB,VENMO            DES:PAYMENT    ID:XXXXX89580895             INDN:SARAH SOSCIA            CO ID:XXXXX81992 WEB,25,debit,Transfer,Adv Plus Banking - 6710,,
323,5/15/2023,PAYPAL *UBER XXXXXX1039 CA,PAYPAL *UBER XXXXXX1039 CA,37.13,debit,Ride Share,American Express Gold Card,,
324,5/15/2023,MICROSOFT EDIPAYMENT PPD ID: XXXXXX4442,MICROSOFT EDIPAYMENT PPD ID: XXXXXX4442,3559.55,credit,Paycheck,PREMIER PLUS CKG,,
325,5/15/2023,DC WATER UTIL BILL PPD ID: XXXXXX1147,DC WATER UTIL BILL PPD ID: XXXXXX1147,137.49,debit,Utilities,PREMIER PLUS CKG,,
326,5/15/2023,APPLE.COM/BILL,APPLE.COM/BILL,1.05,debit,Electronics & Software,CREDIT CARD,,
327,5/15/2023,DepositML DIRECT DEPOSIT PROGRM,DepositML DIRECT DEPOSIT PROGRM,1000,debit,Transfer,CMA-Edge XXZ-X7892,,
328,5/15/2023,PARTIC CONTR CURRENT PARTICIPANT CUR YR (Cash),PARTIC CONTR CURRENT PARTICIPANT CUR YR (Cash),180.3,credit,Investments,Health Savings Account,,
329,5/14/2023,PAYPAL *APPLE.COM/BIXXXXXX2273 CA,PAYPAL *APPLE.COM/BIXXXXXX2273 CA,12.99,debit,Electronics & Software,American Express Gold Card,,
330,5/14/2023,PAYPAL *GITHUB INC,PAYPAL *GITHUB INC,10,debit,Electronics & Software,CREDIT CARD,,
331,5/14/2023,BICYCLE DISCOVERY INC,BICYCLE DISCOVERY INC,17.6,debit,Television,CREDIT CARD,,
332,5/14/2023,TST* Himitsu La Jolla,TST* Himitsu La Jolla,356.43,debit,Restaurants,CREDIT CARD,,
333,5/13/2023,RIP CURL PB RETAIL 0PACIFIC BEACH CA,RIP CURL PB RETAIL 0PACIFIC BEACH CA,37.66,debit,Clothing,American Express Gold Card,,
334,5/13/2023,KONO'S COFFEE San Diego CA,KONO'S COFFEE San Diego CA,2.5,debit,Coffee Shops,American Express Gold Card,,
335,5/12/2023,Online Banking payment to CRD 1564                          Confirmation# XXXXX87667,Online Banking payment to CRD 1564                          Confirmation# XXXXX87667,328.78,debit,Credit Card Payment,Adv Plus Banking - 6710,,
336,5/12/2023,Online Banking transfer to BRK 7892                         Confirmation# XXXXX02847,Online Banking transfer to BRK 7892                         Confirmation# XXXXX02847,1000,debit,Transfer,Adv Plus Banking - 6710,,
337,5/12/2023,C43710 WEST BROA DES:DIR DEP    ID:5761F547D8C9ED            INDN:REMMEY SARAH            CO ID:XXXXX83648 PPD,C43710 WEST BROA DES:DIR DEP    ID:5761F547D8C9ED            INDN:REMMEY SARAH            CO ID:XXXXX83648 PPD,3491.41,credit,Paycheck,Adv Plus Banking - 6710,,
338,5/12/2023,VENMO            DES:PAYMENT    ID:XXXXX61510497             INDN:SARAH SOSCIA            CO ID:XXXXX81992 WEB,VENMO            DES:PAYMENT    ID:XXXXX61510497             INDN:SARAH SOSCIA            CO ID:XXXXX81992 WEB,50,debit,Transfer,Adv Plus Banking - 6710,,
339,5/12/2023,COMENITY PAY OH  DES:WEB PYMT   ID:PXXXXXXXXXX5317           INDN:SARAH REMMEY            CO ID:XXXXX80275 WEB,COMENITY PAY OH  DES:WEB PYMT   ID:PXXXXXXXXXX5317           INDN:SARAH REMMEY            CO ID:XXXXX80275 WEB,239.56,debit,Credit Card Payment,Adv Plus Banking - 6710,,
340,5/12/2023,VENMO            DES:CASHOUT    ID:XXXXX49408162             INDN:SARAH SOSCIA            CO ID:XXXXX81992 PPD,VENMO            DES:CASHOUT    ID:XXXXX49408162             INDN:SARAH SOSCIA            CO ID:XXXXX81992 PPD,1204,credit,Transfer,Adv Plus Banking - 6710,,
341,5/12/2023,Online payment from CHK 6710             ,Online payment from CHK 6710             ,328.78,credit,Credit Card Payment,Customized Cash Rewards Visa Signature - 1564,,
342,5/12/2023,PAYPAL *UBER XXXXXX1039 CA,PAYPAL *UBER XXXXXX1039 CA,24.94,debit,Ride Share,American Express Gold Card,,
343,5/12/2023,PAYPAL *UBER XXXXXX1039 CA,PAYPAL *UBER XXXXXX1039 CA,18.81,debit,Ride Share,American Express Gold Card,,
344,5/12/2023,MICROSOFT XXXXXXXXXX XXXXXXXXXXXXXX CTX ID: XXXXXX3246,MICROSOFT XXXXXXXXXX XXXXXXXXXXXXXX CTX ID: XXXXXX3246,75,credit,Income,PREMIER PLUS CKG,,
345,5/12/2023,Funds ReceivedFR BAC#229042906710 SARAH C SOSCIA,Funds ReceivedFR BAC#229042906710 SARAH C SOSCIA,1000,credit,Investments,CMA-Edge XXZ-X7892,,
346,5/11/2023,PAYPAL *LYFT X RIDESXXXXXX0278 CA,PAYPAL *LYFT X RIDESXXXXXX0278 CA,3.1,debit,Ride Share,American Express Gold Card,,
347,5/11/2023,PAYPAL *APPLE.COM/BIXXXXXX2273 CA,PAYPAL *APPLE.COM/BIXXXXXX2273 CA,0.99,debit,Electronics & Software,American Express Gold Card,,
348,5/11/2023,INTEREST PAYMENT,INTEREST PAYMENT,0.04,credit,Interest Income,PREMIER PLUS CKG,,
349,5/11/2023,Microsoft GXXXXX3409,Microsoft GXXXXX3409,212.46,debit,Electronics & Software,CREDIT CARD,,
350,5/11/2023,USAA INSURANCE PAYMENT,USAA INSURANCE PAYMENT,375.24,debit,Auto Insurance,CREDIT CARD,,
351,5/10/2023,THE UPS STORE 2092       202-5310850  DC ,THE UPS STORE 2092       202-5310850  DC ,45.6,debit,Business Services,Customized Cash Rewards Visa Signature - 1564,,
352,5/10/2023,PAYPAL *LYFT X RIDE XXXXXX0278 CA,PAYPAL *LYFT X RIDE XXXXXX0278 CA,1.9,debit,Ride Share,American Express Gold Card,,
353,5/10/2023,CL *Chase Travel,CL *Chase Travel,118.47,debit,Travel,CREDIT CARD,,
354,5/9/2023,CAPITAL BIKE SHARE 0SAN FRANCISCO CA,CAPITAL BIKE SHARE 0SAN FRANCISCO CA,1,debit,Public Transportation,American Express Gold Card,,
355,5/9/2023,ONLINE PAYMENT - THANK YOU,ONLINE PAYMENT - THANK YOU,145.88,credit,Income,American Express Gold Card,,
356,5/9/2023,CAPITAL BIKE SHARE 0SAN FRANCISCO CA,CAPITAL BIKE SHARE 0SAN FRANCISCO CA,0.8,debit,Public Transportation,American Express Gold Card,,
357,5/9/2023,VERIZON PAYMENTREC XXXXXXXXXXXXX WEB ID: XXXXXX7101,VERIZON PAYMENTREC XXXXXXXXXXXXX WEB ID: XXXXXX7101,65.89,debit,Home Phone,PREMIER PLUS CKG,,
358,5/9/2023,AMERICAN EXPRESS ACH PMT WXXXX WEB ID: XXXXXX2111,AMERICAN EXPRESS ACH PMT WXXXX WEB ID: XXXXXX2111,145.88,debit,Credit Card Payment,PREMIER PLUS CKG,,
359,5/9/2023,"DepositBANK OF AMERICA, NA RASP FRAC BUY ....","DepositBANK OF AMERICA, NA RASP FRAC BUY ....",3.31,debit,Transfer,SARAH IRA,,
360,5/9/2023,"DepositBANK OF AMERICA, NA RASP FRAC BUY ....","DepositBANK OF AMERICA, NA RASP FRAC BUY ....",3.35,debit,Transfer,SARAH ROTH,,
361,5/9/2023,YOU BOUGHT SPDR S&P500 ETF TRUST TRUST UNIT DEP... (SPY) (Cash),YOU BOUGHT SPDR S&P500 ETF TRUST TRUST UNIT DEP... (SPY) (Cash),9469.51,debit,Investments,Individual,,
362,5/8/2023,VENMO            DES:PAYMENT    ID:XXXXX58140169             INDN:SARAH SOSCIA            CO ID:XXXXX81992 WEB,VENMO            DES:PAYMENT    ID:XXXXX58140169             INDN:SARAH SOSCIA            CO ID:XXXXX81992 WEB,20,debit,Transfer,Adv Plus Banking - 6710,,
363,5/8/2023,VENMO            DES:PAYMENT    ID:XXXXX58122938             INDN:SARAH SOSCIA            CO ID:XXXXX81992 WEB,VENMO            DES:PAYMENT    ID:XXXXX58122938             INDN:SARAH SOSCIA            CO ID:XXXXX81992 WEB,25,debit,Transfer,Adv Plus Banking - 6710,,
364,5/8/2023,VENMO            DES:PAYMENT    ID:XXXXX43425897             INDN:SARAH SOSCIA            CO ID:XXXXX81992 WEB,VENMO            DES:PAYMENT    ID:XXXXX43425897             INDN:SARAH SOSCIA            CO ID:XXXXX81992 WEB,15,debit,Transfer,Adv Plus Banking - 6710,,
365,5/8/2023,Advisory Program FeeMUTUAL FUND REBATE,Advisory Program FeeMUTUAL FUND REBATE,3.31,credit,Investments,SARAH IRA,,
366,5/8/2023,Advisory Program FeeMUTUAL FUND REBATE,Advisory Program FeeMUTUAL FUND REBATE,3.35,credit,Investments,SARAH ROTH,,
367,5/8/2023,WithdrawalML DIRECT DEPOSIT PROGRM,WithdrawalML DIRECT DEPOSIT PROGRM,1121,credit,Transfer,CMA-Edge XXZ-X7892,,
368,5/8/2023,Purchase {tc}VANGUARD 500 INDEX FUND SHS ETF CLI...,Purchase {tc}VANGUARD 500 INDEX FUND SHS ETF CLI...,1121.64,debit,Investments,CMA-Edge XXZ-X7892,,
369,5/7/2023,HANOVER SERVICE INC,HANOVER SERVICE INC,24.56,debit,Gas & Fuel,CREDIT CARD,,
370,5/6/2023,MR TIRE       00007724   ARLINGTON    VA ,MR TIRE       00007724   ARLINGTON    VA ,113.83,debit,Service & Parts,Customized Cash Rewards Visa Signature - 1564,,
371,5/6/2023,EVER/BODY                WWW.EVERBODY.NY ,EVER/BODY                WWW.EVERBODY.NY ,134.85,debit,Health & Fitness,Customized Cash Rewards Visa Signature - 1564,,
372,5/5/2023,VENMO            DES:PAYMENT    ID:XXXXX15761655             INDN:SARAH SOSCIA            CO ID:XXXXX81992 WEB,VENMO            DES:PAYMENT    ID:XXXXX15761655             INDN:SARAH SOSCIA            CO ID:XXXXX81992 WEB,25,debit,Transfer,Adv Plus Banking - 6710,,
373,5/5/2023,VENMO            DES:CASHOUT    ID:XXXXX20457385             INDN:SARAH SOSCIA            CO ID:XXXXX81992 PPD,VENMO            DES:CASHOUT    ID:XXXXX20457385             INDN:SARAH SOSCIA            CO ID:XXXXX81992 PPD,25,credit,Transfer,Adv Plus Banking - 6710,,
374,5/5/2023,"LS RADICI UNO, LLC       120-27580086 DC ","LS RADICI UNO, LLC       120-27580086 DC ",5.5,debit,Groceries,Customized Cash Rewards Visa Signature - 1564,,
375,5/5/2023,DepositML DIRECT DEPOSIT PROGRM,DepositML DIRECT DEPOSIT PROGRM,1000,debit,Transfer,CMA-Edge XXZ-X7892,,
376,5/4/2023,CHASE CREDIT CRD DES:EPAY       ID:XXXXX60949                INDN:SARAH REMMEY            CO ID:XXXXX39224 WEB,CHASE CREDIT CRD DES:EPAY       ID:XXXXX60949                INDN:SARAH REMMEY            CO ID:XXXXX39224 WEB,2000,debit,Credit Card Payment,Adv Plus Banking - 6710,,
377,5/4/2023,Online Banking transfer to BRK 7892                         Confirmation# XXXXX46301,Online Banking transfer to BRK 7892                         Confirmation# XXXXX46301,1000,debit,Transfer,Adv Plus Banking - 6710,,
378,5/4/2023,Funds ReceivedFR BAC#229042906710 SARAH C SOSCIA,Funds ReceivedFR BAC#229042906710 SARAH C SOSCIA,1000,credit,Investments,CMA-Edge XXZ-X7892,,
379,5/4/2023,YOU SOLD MICROSOFT CORP (MSFT) (Cash),YOU SOLD MICROSOFT CORP (MSFT) (Cash),9208.42,credit,Sell,Individual,,
380,5/4/2023,YOU SOLD MICROSOFT CORP (MSFT) (Cash),YOU SOLD MICROSOFT CORP (MSFT) (Cash),302.34,credit,Sell,Individual,,
381,5/3/2023,VENMO            DES:PAYMENT    ID:XXXXX68117334             INDN:SARAH SOSCIA            CO ID:XXXXX81992 WEB,VENMO            DES:PAYMENT    ID:XXXXX68117334             INDN:SARAH SOSCIA            CO ID:XXXXX81992 WEB,119.92,debit,Transfer,Adv Plus Banking - 6710,,
382,5/3/2023,PAYPAL *LYFT X RIDESXXXXXX0278 CA,PAYPAL *LYFT X RIDESXXXXXX0278 CA,3.8,debit,Ride Share,American Express Gold Card,,
383,5/3/2023,Amazon web services,Amazon web services,0.24,debit,Electronics & Software,CREDIT CARD,,
384,5/3/2023,E ZPASS DE XXXX0725,E ZPASS DE XXXX0725,91.5,debit,Auto & Transport,CREDIT CARD,,
385,5/3/2023,"WithdrawalBANK OF AMERICA, NA RASP FRAC SELL ...","WithdrawalBANK OF AMERICA, NA RASP FRAC SELL ...",15.37,credit,Investments,SARAH IRA,,
386,5/3/2023,"WithdrawalBANK OF AMERICA, NA RASP FRAC SELL ...","WithdrawalBANK OF AMERICA, NA RASP FRAC SELL ...",16.04,credit,Investments,SARAH ROTH,,
387,5/2/2023,VENMO            DES:CASHOUT    ID:XXXXX48526093             INDN:SARAH SOSCIA            CO ID:XXXXX81992 PPD,VENMO            DES:CASHOUT    ID:XXXXX48526093             INDN:SARAH SOSCIA            CO ID:XXXXX81992 PPD,45,credit,Transfer,Adv Plus Banking - 6710,,
388,5/2/2023,PL*PAYLEASE WEB PMTS XXQTXX WEB ID: XXXXXX7225,PL*PAYLEASE WEB PMTS XXQTXX WEB ID: XXXXXX7225,2.95,debit,Mortgage & Rent,PREMIER PLUS CKG,,
389,5/2/2023,PL*PromaxManagem WEB PMTS WJVTXX WEB ID: XXXXXX8010,PL*PromaxManagem WEB PMTS WJVTXX WEB ID: XXXXXX8010,3250,debit,Mortgage & Rent,PREMIER PLUS CKG,,
390,5/2/2023,USAA FSB ICPAYMENT PPD ID: XXXXXX9165,USAA FSB ICPAYMENT PPD ID: XXXXXX9165,336.42,debit,Auto Payment,PREMIER PLUS CKG,,
391,5/2/2023,VANGUARD BUY INVESTMENT XXXXXXXXXXX2237 WEB ID: VMC PUR,VANGUARD BUY INVESTMENT XXXXXXXXXXX2237 WEB ID: VMC PUR,2000,debit,Financial,PREMIER PLUS CKG,,
392,5/2/2023,UNITED      XXXXXXXXX0060,UNITED      XXXXXXXXX0060,386.8,debit,Air Travel,CREDIT CARD,,
393,5/2/2023,Audible*HM0FY6PT2,Audible*HM0FY6PT2,15.85,debit,Books,CREDIT CARD,,
394,5/2/2023,PAYPAL *SPOTIFYUSAI,PAYPAL *SPOTIFYUSAI,9.99,debit,Music,CREDIT CARD,,
395,5/2/2023,GOOGLE *YouTubePremium,GOOGLE *YouTubePremium,12.71,debit,Television,CREDIT CARD,,
396,5/2/2023,Advisory Program FeeINV. ADVISORY FEE MAY,Advisory Program FeeINV. ADVISORY FEE MAY,15.37,debit,Investments,SARAH IRA,,
397,5/2/2023,Advisory Program FeeINV. ADVISORY FEE MAY,Advisory Program FeeINV. ADVISORY FEE MAY,16.04,debit,Investments,SARAH ROTH,,
398,5/1/2023,Bank of America  DES:CASHREWARD ID:REMMEY                    INDN:XXXXX0060XXXXX27XXXXX0  CO ID:XXXXX90310 PPD,Bank of America  DES:CASHREWARD ID:REMMEY                    INDN:XXXXX0060XXXXX27XXXXX0  CO ID:XXXXX90310 PPD,25.52,credit,Income,Adv Plus Banking - 6710,,
399,5/1/2023,WASHINGTON GAS   DES:PAYMENT    ID:XXXXX2788814              INDN:SARAH SOSCIA            CO ID:XXXXX62882 CCD,WASHINGTON GAS   DES:PAYMENT    ID:XXXXX2788814              INDN:SARAH SOSCIA            CO ID:XXXXX62882 CCD,73.88,debit,Utilities,Adv Plus Banking - 6710,,
400,5/1/2023,VENMO            DES:CASHOUT    ID:XXXXX05624546             INDN:SARAH SOSCIA            CO ID:XXXXX81992 PPD,VENMO            DES:CASHOUT    ID:XXXXX05624546             INDN:SARAH SOSCIA            CO ID:XXXXX81992 PPD,48,credit,Transfer,Adv Plus Banking - 6710,,
401,5/1/2023,BKOFAMERICA MOBILE 05/01 XXXXX55125 DEPOSIT                                    *MOBILE       FL,BKOFAMERICA MOBILE 05/01 XXXXX55125 DEPOSIT                                    *MOBILE       FL,300,credit,Transfer,Adv Plus Banking - 6710,,
402,5/1/2023,PAYPAL *LYFT X RIDESXXXXXX0278 CA,PAYPAL *LYFT X RIDESXXXXXX0278 CA,2.9,debit,Ride Share,American Express Gold Card,,
403,5/1/2023,VENMO PAYMENT XXXXXXXXXXXXX WEB ID: XXXXXX1992,VENMO PAYMENT XXXXXXXXXXXXX WEB ID: XXXXXX1992,52.92,debit,Transfer,PREMIER PLUS CKG,,
404,5/1/2023,Yarmouth Managem WEB PMTS XXXNHX WEB ID: XXXXXX5154,Yarmouth Managem WEB PMTS XXXNHX WEB ID: XXXXXX5154,2950,debit,Mortgage & Rent,PREMIER PLUS CKG,,
405,5/1/2023,PRINCIPAL,PRINCIPAL,302.09,credit,Loan Principal,My Auto Loan,,
406,5/1/2023,INTEREST,INTEREST,34.33,credit,Loan Interest,My Auto Loan,,
407,4/30/2023,TRADER JOE S #X22 00WASHINGTON DC,TRADER JOE S #X22 00WASHINGTON DC,69.81,debit,Groceries,American Express Gold Card,,
408,4/29/2023,PAYPAL *LYFT X RIDESXXXXXX0278 CA,PAYPAL *LYFT X RIDESXXXXXX0278 CA,4.1,debit,Ride Share,American Express Gold Card,,
409,4/29/2023,UBER EATS help.uber.com CA,UBER EATS help.uber.com CA,37.85,debit,Food Delivery,American Express Gold Card,,
410,4/28/2023,C43710 WEST BROA DES:DIR DEP    ID:1226FE1BEFFD28            INDN:REMMEY SARAH            CO ID:XXXXX83648 PPD,C43710 WEST BROA DES:DIR DEP    ID:1226FE1BEFFD28            INDN:REMMEY SARAH            CO ID:XXXXX83648 PPD,3184.98,credit,Paycheck,Adv Plus Banking - 6710,,
411,4/28/2023,X0006 CAVA CHINATOWNWASHINGTON DC,X0006 CAVA CHINATOWNWASHINGTON DC,12.27,debit,Restaurants,American Express Gold Card,,
412,4/28/2023,TST* WEST WING CAFE WASHINGTON DC,TST* WEST WING CAFE WASHINGTON DC,6.6,debit,Food & Dining,American Express Gold Card,,
413,4/28/2023,MICROSOFT EDIPAYMENT PPD ID: XXXXXX4442,MICROSOFT EDIPAYMENT PPD ID: XXXXXX4442,6121.07,credit,Paycheck,PREMIER PLUS CKG,,
414,4/28/2023,"InterestBANK OF AMERICA, NA RASP 0.36000 DI...","InterestBANK OF AMERICA, NA RASP 0.36000 DI...",0,credit,Investments,SARAH IRA,,
415,4/28/2023,"InterestBANK OF AMERICA, NA RASP 0.25000 DI...","InterestBANK OF AMERICA, NA RASP 0.25000 DI...",0,credit,Investments,SARAH ROTH,,
416,4/28/2023,INTEREST EARNED CASH (315994103) (Cash),INTEREST EARNED CASH (315994103) (Cash),0.04,credit,Investments,Individual,,
417,4/28/2023,REINVESTMENT CASH (315994103) (Cash),REINVESTMENT CASH (315994103) (Cash),0.04,debit,Investments,Individual,,
418,4/28/2023,REINVESTMENT FIDELITY GOVERNMENT CASH RESERVES (FDRXX) (Cash),REINVESTMENT FIDELITY GOVERNMENT CASH RESERVES (FDRXX) (Cash),8.69,debit,Investments,Health Savings Account,,
419,4/28/2023,PARTIC CONTR CURRENT PARTICIPANT CUR YR (Cash),PARTIC CONTR CURRENT PARTICIPANT CUR YR (Cash),180.3,credit,Investments,Health Savings Account,,
420,4/28/2023,DIVIDEND RECEIVED FIDELITY GOVERNMENT CASH RESERVES (FDRXX) (Cash),DIVIDEND RECEIVED FIDELITY GOVERNMENT CASH RESERVES (FDRXX) (Cash),8.69,credit,Dividend & Cap Gains,Health Savings Account,,
421,4/27/2023,PAYPAL *LYFT X RIDESXXXXXX0278 CA,PAYPAL *LYFT X RIDESXXXXXX0278 CA,5.5,debit,Ride Share,American Express Gold Card,,
422,4/27/2023,X0006D CAVA CHINATOWN,X0006D CAVA CHINATOWN,12.27,debit,Restaurants,CREDIT CARD,,
423,4/26/2023,ONLINE PAYMENT - THANK YOU,ONLINE PAYMENT - THANK YOU,91.7,credit,Income,American Express Gold Card,,
424,4/26/2023,PAYPAL *LYFT X RIDESXXXXXX0278 CA,PAYPAL *LYFT X RIDESXXXXXX0278 CA,3.05,debit,Ride Share,American Express Gold Card,,
425,4/26/2023,AMERICAN EXPRESS ACH PMT WXXXX WEB ID: XXXXXX2111,AMERICAN EXPRESS ACH PMT WXXXX WEB ID: XXXXXX2111,91.7,debit,Credit Card Payment,PREMIER PLUS CKG,,
426,4/26/2023,WithdrawalML DIRECT DEPOSIT PROGRM,WithdrawalML DIRECT DEPOSIT PROGRM,757,credit,Transfer,CMA-Edge XXZ-X7892,,
427,4/26/2023,Purchase {tc}VANGUARD 500 INDEX FUND SHS ETF CLI...,Purchase {tc}VANGUARD 500 INDEX FUND SHS ETF CLI...,757.06,debit,Investments,CMA-Edge XXZ-X7892,,
428,4/25/2023,C43710 WEST BROA DES:DIR DEP    ID:C442C7B2B173F2            INDN:REMMEY SARAH            CO ID:XXXXX83648 PPD,C43710 WEST BROA DES:DIR DEP    ID:C442C7B2B173F2            INDN:REMMEY SARAH            CO ID:XXXXX83648 PPD,651.83,credit,Paycheck,Adv Plus Banking - 6710,,
429,4/25/2023,CHASE CREDIT CRD DES:EPAY       ID:XXXXX85386                INDN:SARAH REMMEY            CO ID:XXXXX39224 WEB,CHASE CREDIT CRD DES:EPAY       ID:XXXXX85386                INDN:SARAH REMMEY            CO ID:XXXXX39224 WEB,1000,debit,Credit Card Payment,Adv Plus Banking - 6710,,
430,4/25/2023,ABC*GOLD S GYM ARLINGTON VA,ABC*GOLD S GYM ARLINGTON VA,49.99,debit,Gym,American Express Gold Card,,
431,4/25/2023,Payment to Chase card ending in XXXX 04/25,Payment to Chase card ending in XXXX 04/25,5.27,debit,Credit Card Payment,PREMIER PLUS CKG,,
432,4/25/2023,Payment to Chase card ending in XXXX 04/25,Payment to Chase card ending in XXXX 04/25,555.6,debit,Credit Card Payment,PREMIER PLUS CKG,,
433,4/25/2023,Payment Thank You - Web,Payment Thank You - Web,5.27,credit,Credit Card Payment,CREDIT CARD,,
434,4/25/2023,Payment Thank You - Web,Payment Thank You - Web,555.6,credit,Credit Card Payment,CREDIT CARD,,
435,4/25/2023,DepositML DIRECT DEPOSIT PROGRM,DepositML DIRECT DEPOSIT PROGRM,596,debit,Transfer,CMA-Edge XXZ-X7892,,
436,4/24/2023,VENMO            DES:PAYMENT    ID:XXXXX97268128             INDN:SARAH SOSCIA            CO ID:XXXXX81992 WEB,VENMO            DES:PAYMENT    ID:XXXXX97268128             INDN:SARAH SOSCIA            CO ID:XXXXX81992 WEB,60,debit,Transfer,Adv Plus Banking - 6710,,
437,4/24/2023,VENMO            DES:CASHOUT    ID:XXXXX72588324             INDN:SARAH SOSCIA            CO ID:XXXXX81992 PPD,VENMO            DES:CASHOUT    ID:XXXXX72588324             INDN:SARAH SOSCIA            CO ID:XXXXX81992 PPD,125,credit,Transfer,Adv Plus Banking - 6710,,
438,4/24/2023,PURCHASE   0422 SPOTIFY                                     877-778-1161 NY XXXXX1531XXXXXXXXXX6263 RECURRING,PURCHASE   0422 SPOTIFY                                     877-778-1161 NY XXXXX1531XXXXXXXXXX6263 RECURRING,10.98,debit,Music,Adv Plus Banking - 6710,,
439,4/24/2023,VENMO            DES:CASHOUT    ID:XXXXX90150389             INDN:SARAH SOSCIA            CO ID:XXXXX81992 PPD,VENMO            DES:CASHOUT    ID:XXXXX90150389             INDN:SARAH SOSCIA            CO ID:XXXXX81992 PPD,375,credit,Transfer,Adv Plus Banking - 6710,,
440,4/24/2023,Online Banking transfer to BRK 7892                         Confirmation# XXXXX51197,Online Banking transfer to BRK 7892                         Confirmation# XXXXX51197,596.47,debit,Transfer,Adv Plus Banking - 6710,,
441,4/24/2023,VENMO            DES:CASHOUT    ID:XXXXX61888204             INDN:SARAH SOSCIA            CO ID:XXXXX81992 PPD,VENMO            DES:CASHOUT    ID:XXXXX61888204             INDN:SARAH SOSCIA            CO ID:XXXXX81992 PPD,100,credit,Transfer,Adv Plus Banking - 6710,,
442,4/24/2023,PAYPAL *LYFT X RIDESXXXXXX0278 CA,PAYPAL *LYFT X RIDESXXXXXX0278 CA,3.05,debit,Ride Share,American Express Gold Card,,
443,4/24/2023,Payment to Chase card ending in XXXX 04/24,Payment to Chase card ending in XXXX 04/24,201.85,debit,Credit Card Payment,PREMIER PLUS CKG,,
444,4/24/2023,AMERICAN EXPRESS ACH PMT WXXXX WEB ID: XXXXXX2111,AMERICAN EXPRESS ACH PMT WXXXX WEB ID: XXXXXX2111,371.37,debit,Credit Card Payment,PREMIER PLUS CKG,,
445,4/24/2023,Payment Thank You - Web,Payment Thank You - Web,201.85,credit,Credit Card Payment,CREDIT CARD,,
446,4/24/2023,AMERICAN AIRXXXXXXXXX2668,AMERICAN AIRXXXXXXXXX2668,277.8,debit,Air Travel,CREDIT CARD,,
447,4/24/2023,AMERICAN AIRXXXXXXXXX2669,AMERICAN AIRXXXXXXXXX2669,277.8,debit,Air Travel,CREDIT CARD,,
448,4/24/2023,Funds ReceivedFR BAC#229042906710 SARAH C SOSCIA,Funds ReceivedFR BAC#229042906710 SARAH C SOSCIA,596.47,credit,Investments,CMA-Edge XXZ-X7892,,
449,4/23/2023,UBER EATS help.uber.com CA,UBER EATS help.uber.com CA,38.66,debit,Food Delivery,American Express Gold Card,,
450,4/23/2023,TST* Ambar - Capitol Hill,TST* Ambar - Capitol Hill,113.2,debit,Restaurants,CREDIT CARD,,
451,4/22/2023,ONLINE PAYMENT - THANK YOU,ONLINE PAYMENT - THANK YOU,371.37,credit,Income,American Express Gold Card,,
452,4/21/2023,PAYPAL *LYFT X RIDESXXXXXX0278 CA,PAYPAL *LYFT X RIDESXXXXXX0278 CA,2.8,debit,Ride Share,American Express Gold Card,,
453,4/20/2023,BKOFAMERICA MOBILE 04/21 XXXXX54854 DEPOSIT                                    *MOBILE       FL,BKOFAMERICA MOBILE 04/21 XXXXX54854 DEPOSIT                                    *MOBILE       FL,466,credit,Transfer,Adv Plus Banking - 6710,,
454,4/20/2023,DC-OTR-MEF-IIT PAYMENTS XXXXXXX CCD ID: XXXXXX1131,DC-OTR-MEF-IIT PAYMENTS XXXXXXX CCD ID: XXXXXX1131,8600,debit,State Tax,PREMIER PLUS CKG,,
455,4/20/2023,CHIPOTLE ONLINE,CHIPOTLE ONLINE,31.19,debit,Fast Food,CREDIT CARD,,
456,4/19/2023,UBER ONE help.uber.com CA,UBER ONE help.uber.com CA,9.99,debit,Ride Share,American Express Gold Card,,
457,4/19/2023,PAYPAL *LYFT X RIDESXXXXXX0278 CA,PAYPAL *LYFT X RIDESXXXXXX0278 CA,2.8,debit,Ride Share,American Express Gold Card,,
458,4/19/2023,CHATGPT SUBSCRIPTION,CHATGPT SUBSCRIPTION,21.2,debit,Entertainment,CREDIT CARD,,
459,4/19/2023,Purchase {tc}VANGUARD 500 INDEX FUND SHS ETF CLI...,Purchase {tc}VANGUARD 500 INDEX FUND SHS ETF CLI...,757.8,debit,Investments,CMA-Edge XXZ-X7892,,
460,4/19/2023,WithdrawalML DIRECT DEPOSIT PROGRM,WithdrawalML DIRECT DEPOSIT PROGRM,758,credit,Transfer,CMA-Edge XXZ-X7892,,
461,4/18/2023,BOOK TRANSFER CREDIT B/O: VANGUARD MARKETING CORPORATION WAYNE PA XXXXX- US ORG:/XXXX3067 MARK REMMEY H OGB: VANGUARD MARKETING CORPORATION VALLEY FORGE PA US T,BOOK TRANSFER CREDIT B/O: VANGUARD MARKETING CORPORATION WAYNE PA XXXXX- US ORG:/XXXX3067 MARK REMMEY H OGB: VANGUARD MARKETING CORPORATION VALLEY FORGE PA US T,3904.57,credit,Transfer,PREMIER PLUS CKG,,
462,4/18/2023,IRS USATAXPYMT PPD ID: XXXXXX2000,IRS USATAXPYMT PPD ID: XXXXXX2000,1448,debit,Federal Tax,PREMIER PLUS CKG,,
463,4/18/2023,PEPCO PAYMENTUS BILLPAY PPD ID: XXXXXX0160,PEPCO PAYMENTUS BILLPAY PPD ID: XXXXXX0160,152.48,debit,Utilities,PREMIER PLUS CKG,,
464,4/18/2023,"DepositBANK OF AMERICA, NA RASP FRAC BUY ....","DepositBANK OF AMERICA, NA RASP FRAC BUY ....",3.29,debit,Transfer,SARAH IRA,,
465,4/18/2023,"DepositBANK OF AMERICA, NA RASP FRAC BUY ....","DepositBANK OF AMERICA, NA RASP FRAC BUY ....",3.33,debit,Transfer,SARAH ROTH,,
